set lines 1000
set trimspool on
set serveroutput on size 1000000

prompt Создание / Обновление операции 129
prompt Наименование операции: 129 Комісія за продаж ДОРОЖНІХ ЧЕКІВ (135)
declare
  cnt_  number;
begin
  --------------------------------
  -- Основные свойства операции --
  --------------------------------
  begin
    insert into tts(tt, name, dk, nlsm, kv, nlsk, kvk, nlss, nlsa, nlsb, mfob, flc, fli, flv, flr, s, s2, sk, proc, s3800, rang, flags, nazn)
    values ('129', '129 Комісія за продаж ДОРОЖНІХ ЧЕКІВ (135)', 1, '#(nbs_ob22 (''6110'',''A8''))', 980, '#(BRANCH_USR.GET_BRANCH_PARAM2(''CASH'',0))', 980, null, null, null, null, 0, 0, 0, 0, 'GL.P_ICURVAL( #(KVA), F_TARIF (48, #(KVA), #(NLSA), #(S) ), SYSDATE)', null, null, null, null, null, '0100100000000000000000000000000000010000000000000000000000000000', null);
  exception
    when dup_val_on_index then 
      update tts
         set tt='129', name='129 Комісія за продаж ДОРОЖНІХ ЧЕКІВ (135)', dk=1, nlsm='#(nbs_ob22 (''6110'',''A8''))', kv=980, nlsk='#(BRANCH_USR.GET_BRANCH_PARAM2(''CASH'',0))', kvk=980, nlss=null, nlsa=null, nlsb=null, mfob=null, flc=0, fli=0, flv=0, flr=0, s='GL.P_ICURVAL( #(KVA), F_TARIF (48, #(KVA), #(NLSA), #(S) ), SYSDATE)', s2=null, sk=null, proc=null, s3800=null, rang=null, flags='0100100000000000000000000000000000010000000000000000000000000000', nazn=null
       where tt='129';
  end;
  --------------------------------
  ----------- Реквизиты ----------
  --------------------------------
  delete from op_rules where tt='129';
  --------------------------------
  ------ Связанные операции ------
  --------------------------------
  delete from ttsap where tt='129';
  --------------------------------
  ------- Балансовые счета -------
  --------------------------------
  delete from ps_tts where tt='129';
  --------------------------------
  -------- Виды документов -------
  --------------------------------
  delete from tts_vob where tt='129';
  --------------------------------
  -------- Группы контроля -------
  --------------------------------
  delete from chklist_tts where tt='129';
  --------------------------------
  ------------- Папки ------------
  --------------------------------
  delete from folders_tts where tt='129';
  begin
    insert into folders_tts(idfo, tt)
    values (21, '129');
  exception
    when dup_val_on_index then null;
    when others then
      if ( sqlcode = -02291 ) then
        dbms_output.put_line('Не удалось добавить запись (folders_tts: 21, ''129'') - первичный ключ не найден!');
      else raise;
      end if;
  end;
end;
/
prompt Создание / Обновление операции 166
prompt Наименование операции: 166 Видаток комерційних чеків ( клiєнт ) (доч 135)
declare
  cnt_  number;
begin
  --------------------------------
  -- Основные свойства операции --
  --------------------------------
  begin
    insert into tts(tt, name, dk, nlsm, kv, nlsk, kvk, nlss, nlsa, nlsb, mfob, flc, fli, flv, flr, s, s2, sk, proc, s3800, rang, flags, nazn)
    values ('166', '166 Видаток комерційних чеків ( клiєнт ) (доч 135)', 1, '#(nbs_ob22 (''9819'',''20''))', null, '#(BRANCH_USR.GET_BRANCH_PARAM2(''NLS_9910'',0))', null, null, '#(nbs_ob22 (''9819'',''20''))', '#(BRANCH_USR.GET_BRANCH_PARAM2(''NLS_9910'',0))', null, 0, 0, 0, 0, 'f_sum_reqv(#(NOMI1),#(NOMI2),#(NOMI3),#(NOMI4),#(NOMI5))', null, null, null, null, null, '0100100000000001000000000000000000010000000000000000000000000000', null);
  exception
    when dup_val_on_index then 
      update tts
         set tt='166', name='166 Видаток комерційних чеків ( клiєнт ) (доч 135)', dk=1, nlsm='#(nbs_ob22 (''9819'',''20''))', kv=null, nlsk='#(BRANCH_USR.GET_BRANCH_PARAM2(''NLS_9910'',0))', kvk=null, nlss=null, nlsa='#(nbs_ob22 (''9819'',''20''))', nlsb='#(BRANCH_USR.GET_BRANCH_PARAM2(''NLS_9910'',0))', mfob=null, flc=0, fli=0, flv=0, flr=0, s='f_sum_reqv(#(NOMI1),#(NOMI2),#(NOMI3),#(NOMI4),#(NOMI5))', s2=null, sk=null, proc=null, s3800=null, rang=null, flags='0100100000000001000000000000000000010000000000000000000000000000', nazn=null
       where tt='166';
  end;
  --------------------------------
  ----------- Реквизиты ----------
  --------------------------------
  delete from op_rules where tt='166';
  begin
    insert into op_rules(TAG, TT, OPT, USED4INPUT, ORD, VAL, NOMODIFY)
    values ('ADRES', '166', 'O', 1, 2, null, null);
  exception
    when dup_val_on_index then null;
    when others then
      if ( sqlcode = -02291 ) then
        dbms_output.put_line('Не удалось добавить запись (op_rules: ''ADRES'', ''166'', ''O'', 1, 2, null, null) - первичный ключ не найден!');
      else raise;
      end if;
  end;
  begin
    insert into op_rules(TAG, TT, OPT, USED4INPUT, ORD, VAL, NOMODIFY)
    values ('ATRT ', '166', 'O', 1, 5, null, null);
  exception
    when dup_val_on_index then null;
    when others then
      if ( sqlcode = -02291 ) then
        dbms_output.put_line('Не удалось добавить запись (op_rules: ''ATRT '', ''166'', ''O'', 1, 5, null, null) - первичный ключ не найден!');
      else raise;
      end if;
  end;
  begin
    insert into op_rules(TAG, TT, OPT, USED4INPUT, ORD, VAL, NOMODIFY)
    values ('FIO  ', '166', 'O', 1, 1, null, null);
  exception
    when dup_val_on_index then null;
    when others then
      if ( sqlcode = -02291 ) then
        dbms_output.put_line('Не удалось добавить запись (op_rules: ''FIO  '', ''166'', ''O'', 1, 1, null, null) - первичный ключ не найден!');
      else raise;
      end if;
  end;
  begin
    insert into op_rules(TAG, TT, OPT, USED4INPUT, ORD, VAL, NOMODIFY)
    values ('GOLD ', '166', 'O', 1, 17, null, null);
  exception
    when dup_val_on_index then null;
    when others then
      if ( sqlcode = -02291 ) then
        dbms_output.put_line('Не удалось добавить запись (op_rules: ''GOLD '', ''166'', ''O'', 1, 17, null, null) - первичный ключ не найден!');
      else raise;
      end if;
  end;
  begin
    insert into op_rules(TAG, TT, OPT, USED4INPUT, ORD, VAL, NOMODIFY)
    values ('NNSI1', '166', 'M', 1, 8, null, null);
  exception
    when dup_val_on_index then null;
    when others then
      if ( sqlcode = -02291 ) then
        dbms_output.put_line('Не удалось добавить запись (op_rules: ''NNSI1'', ''166'', ''M'', 1, 8, null, null) - первичный ключ не найден!');
      else raise;
      end if;
  end;
  begin
    insert into op_rules(TAG, TT, OPT, USED4INPUT, ORD, VAL, NOMODIFY)
    values ('NNSI2', '166', 'O', 1, 10, null, null);
  exception
    when dup_val_on_index then null;
    when others then
      if ( sqlcode = -02291 ) then
        dbms_output.put_line('Не удалось добавить запись (op_rules: ''NNSI2'', ''166'', ''O'', 1, 10, null, null) - первичный ключ не найден!');
      else raise;
      end if;
  end;
  begin
    insert into op_rules(TAG, TT, OPT, USED4INPUT, ORD, VAL, NOMODIFY)
    values ('NNSI3', '166', 'O', 1, 12, null, null);
  exception
    when dup_val_on_index then null;
    when others then
      if ( sqlcode = -02291 ) then
        dbms_output.put_line('Не удалось добавить запись (op_rules: ''NNSI3'', ''166'', ''O'', 1, 12, null, null) - первичный ключ не найден!');
      else raise;
      end if;
  end;
  begin
    insert into op_rules(TAG, TT, OPT, USED4INPUT, ORD, VAL, NOMODIFY)
    values ('NNSI4', '166', 'O', 1, 14, null, null);
  exception
    when dup_val_on_index then null;
    when others then
      if ( sqlcode = -02291 ) then
        dbms_output.put_line('Не удалось добавить запись (op_rules: ''NNSI4'', ''166'', ''O'', 1, 14, null, null) - первичный ключ не найден!');
      else raise;
      end if;
  end;
  begin
    insert into op_rules(TAG, TT, OPT, USED4INPUT, ORD, VAL, NOMODIFY)
    values ('NNSI5', '166', 'O', 1, 16, null, null);
  exception
    when dup_val_on_index then null;
    when others then
      if ( sqlcode = -02291 ) then
        dbms_output.put_line('Не удалось добавить запись (op_rules: ''NNSI5'', ''166'', ''O'', 1, 16, null, null) - первичный ключ не найден!');
      else raise;
      end if;
  end;
  begin
    insert into op_rules(TAG, TT, OPT, USED4INPUT, ORD, VAL, NOMODIFY)
    values ('NOMI1', '166', 'M', 1, 7, '0', null);
  exception
    when dup_val_on_index then null;
    when others then
      if ( sqlcode = -02291 ) then
        dbms_output.put_line('Не удалось добавить запись (op_rules: ''NOMI1'', ''166'', ''M'', 1, 7, ''0'', null) - первичный ключ не найден!');
      else raise;
      end if;
  end;
  begin
    insert into op_rules(TAG, TT, OPT, USED4INPUT, ORD, VAL, NOMODIFY)
    values ('NOMI2', '166', 'O', 1, 9, '0', null);
  exception
    when dup_val_on_index then null;
    when others then
      if ( sqlcode = -02291 ) then
        dbms_output.put_line('Не удалось добавить запись (op_rules: ''NOMI2'', ''166'', ''O'', 1, 9, ''0'', null) - первичный ключ не найден!');
      else raise;
      end if;
  end;
  begin
    insert into op_rules(TAG, TT, OPT, USED4INPUT, ORD, VAL, NOMODIFY)
    values ('NOMI3', '166', 'O', 1, 11, '0', null);
  exception
    when dup_val_on_index then null;
    when others then
      if ( sqlcode = -02291 ) then
        dbms_output.put_line('Не удалось добавить запись (op_rules: ''NOMI3'', ''166'', ''O'', 1, 11, ''0'', null) - первичный ключ не найден!');
      else raise;
      end if;
  end;
  begin
    insert into op_rules(TAG, TT, OPT, USED4INPUT, ORD, VAL, NOMODIFY)
    values ('NOMI4', '166', 'O', 1, 13, '0', null);
  exception
    when dup_val_on_index then null;
    when others then
      if ( sqlcode = -02291 ) then
        dbms_output.put_line('Не удалось добавить запись (op_rules: ''NOMI4'', ''166'', ''O'', 1, 13, ''0'', null) - первичный ключ не найден!');
      else raise;
      end if;
  end;
  begin
    insert into op_rules(TAG, TT, OPT, USED4INPUT, ORD, VAL, NOMODIFY)
    values ('NOMI5', '166', 'O', 1, 15, '0', null);
  exception
    when dup_val_on_index then null;
    when others then
      if ( sqlcode = -02291 ) then
        dbms_output.put_line('Не удалось добавить запись (op_rules: ''NOMI5'', ''166'', ''O'', 1, 15, ''0'', null) - первичный ключ не найден!');
      else raise;
      end if;
  end;
  begin
    insert into op_rules(TAG, TT, OPT, USED4INPUT, ORD, VAL, NOMODIFY)
    values ('PASP ', '166', 'O', 1, 3, null, null);
  exception
    when dup_val_on_index then null;
    when others then
      if ( sqlcode = -02291 ) then
        dbms_output.put_line('Не удалось добавить запись (op_rules: ''PASP '', ''166'', ''O'', 1, 3, null, null) - первичный ключ не найден!');
      else raise;
      end if;
  end;
  begin
    insert into op_rules(TAG, TT, OPT, USED4INPUT, ORD, VAL, NOMODIFY)
    values ('PASPN', '166', 'O', 1, 4, null, null);
  exception
    when dup_val_on_index then null;
    when others then
      if ( sqlcode = -02291 ) then
        dbms_output.put_line('Не удалось добавить запись (op_rules: ''PASPN'', ''166'', ''O'', 1, 4, null, null) - первичный ключ не найден!');
      else raise;
      end if;
  end;
  begin
    insert into op_rules(TAG, TT, OPT, USED4INPUT, ORD, VAL, NOMODIFY)
    values ('SUMGD', '166', 'M', 1, 6, null, null);
  exception
    when dup_val_on_index then null;
    when others then
      if ( sqlcode = -02291 ) then
        dbms_output.put_line('Не удалось добавить запись (op_rules: ''SUMGD'', ''166'', ''M'', 1, 6, null, null) - первичный ключ не найден!');
      else raise;
      end if;
  end;
  --------------------------------
  ------ Связанные операции ------
  --------------------------------
  delete from ttsap where tt='166';
  --------------------------------
  ------- Балансовые счета -------
  --------------------------------
  delete from ps_tts where tt='166';
  --------------------------------
  -------- Виды документов -------
  --------------------------------
  delete from tts_vob where tt='166';
  --------------------------------
  -------- Группы контроля -------
  --------------------------------
  delete from chklist_tts where tt='166';
  begin
    insert into chklist_tts(idchk, tt, priority, f_big_amount, sqlval, f_in_charge)
    values (5, '166', 3, null, null, null);
  exception
    when dup_val_on_index then null;
    when others then
      if ( sqlcode = -02291 ) then
        dbms_output.put_line('Не удалось добавить запись (chklist_tts: 5, ''166'', 3, null, null, null) - первичный ключ не найден!');
      else raise;
      end if;
  end;
  --------------------------------
  ------------- Папки ------------
  --------------------------------
  delete from folders_tts where tt='166';
  begin
    insert into folders_tts(idfo, tt)
    values (21, '166');
  exception
    when dup_val_on_index then null;
    when others then
      if ( sqlcode = -02291 ) then
        dbms_output.put_line('Не удалось добавить запись (folders_tts: 21, ''166'') - первичный ключ не найден!');
      else raise;
      end if;
  end;
end;
/
prompt Создание / Обновление операции 135
prompt Наименование операции: 135 Продаж ДОРОЖНІХ ЧЕКІВ клієнту
declare
  cnt_  number;
begin
  --------------------------------
  -- Основные свойства операции --
  --------------------------------
  begin
    insert into tts(tt, name, dk, nlsm, kv, nlsk, kvk, nlss, nlsa, nlsb, mfob, flc, fli, flv, flr, s, s2, sk, proc, s3800, rang, flags, nazn)
    values ('135', '135 Продаж ДОРОЖНІХ ЧЕКІВ клієнту', 0, '#(nbs_ob22 (''1919'',''01''))', null, '#(BRANCH_USR.GET_BRANCH_PARAM2(''CASH'',0))', null, null, '#(nbs_ob22 (''1919'',''01''))', '#(BRANCH_USR.GET_BRANCH_PARAM2(''CASH'',0))', null, 1, 0, 0, 0, null, null, null, null, null, null, '0000100000000000000000000000000000010000000000000000000000000000', null);
  exception
    when dup_val_on_index then 
      update tts
         set tt='135', name='135 Продаж ДОРОЖНІХ ЧЕКІВ клієнту', dk=0, nlsm='#(nbs_ob22 (''1919'',''01''))', kv=null, nlsk='#(BRANCH_USR.GET_BRANCH_PARAM2(''CASH'',0))', kvk=null, nlss=null, nlsa='#(nbs_ob22 (''1919'',''01''))', nlsb='#(BRANCH_USR.GET_BRANCH_PARAM2(''CASH'',0))', mfob=null, flc=1, fli=0, flv=0, flr=0, s=null, s2=null, sk=null, proc=null, s3800=null, rang=null, flags='0000100000000000000000000000000000010000000000000000000000000000', nazn=null
       where tt='135';
  end;
  --------------------------------
  ----------- Реквизиты ----------
  --------------------------------
  delete from op_rules where tt='135';
  begin
    insert into op_rules(TAG, TT, OPT, USED4INPUT, ORD, VAL, NOMODIFY)
    values ('ADRES', '135', 'O', 1, 6, null, null);
  exception
    when dup_val_on_index then null;
    when others then
      if ( sqlcode = -02291 ) then
        dbms_output.put_line('Не удалось добавить запись (op_rules: ''ADRES'', ''135'', ''O'', 1, 6, null, null) - первичный ключ не найден!');
      else raise;
      end if;
  end;
  begin
    insert into op_rules(TAG, TT, OPT, USED4INPUT, ORD, VAL, NOMODIFY)
    values ('ASP_K', '135', 'O', 1, 13, null, null);
  exception
    when dup_val_on_index then null;
    when others then
      if ( sqlcode = -02291 ) then
        dbms_output.put_line('Не удалось добавить запись (op_rules: ''ASP_K'', ''135'', ''O'', 1, 13, null, null) - первичный ключ не найден!');
      else raise;
      end if;
  end;
  begin
    insert into op_rules(TAG, TT, OPT, USED4INPUT, ORD, VAL, NOMODIFY)
    values ('ASP_N', '135', 'O', 1, 14, null, null);
  exception
    when dup_val_on_index then null;
    when others then
      if ( sqlcode = -02291 ) then
        dbms_output.put_line('Не удалось добавить запись (op_rules: ''ASP_N'', ''135'', ''O'', 1, 14, null, null) - первичный ключ не найден!');
      else raise;
      end if;
  end;
  begin
    insert into op_rules(TAG, TT, OPT, USED4INPUT, ORD, VAL, NOMODIFY)
    values ('ASP_S', '135', 'O', 1, 15, null, null);
  exception
    when dup_val_on_index then null;
    when others then
      if ( sqlcode = -02291 ) then
        dbms_output.put_line('Не удалось добавить запись (op_rules: ''ASP_S'', ''135'', ''O'', 1, 15, null, null) - первичный ключ не найден!');
      else raise;
      end if;
  end;
  begin
    insert into op_rules(TAG, TT, OPT, USED4INPUT, ORD, VAL, NOMODIFY)
    values ('ATRT ', '135', 'O', 1, 4, null, null);
  exception
    when dup_val_on_index then null;
    when others then
      if ( sqlcode = -02291 ) then
        dbms_output.put_line('Не удалось добавить запись (op_rules: ''ATRT '', ''135'', ''O'', 1, 4, null, null) - первичный ключ не найден!');
      else raise;
      end if;
  end;
  begin
    insert into op_rules(TAG, TT, OPT, USED4INPUT, ORD, VAL, NOMODIFY)
    values ('BANKE', '135', 'M', 1, 8, null, null);
  exception
    when dup_val_on_index then null;
    when others then
      if ( sqlcode = -02291 ) then
        dbms_output.put_line('Не удалось добавить запись (op_rules: ''BANKE'', ''135'', ''M'', 1, 8, null, null) - первичный ключ не найден!');
      else raise;
      end if;
  end;
  begin
    insert into op_rules(TAG, TT, OPT, USED4INPUT, ORD, VAL, NOMODIFY)
    values ('DT_R ', '135', 'O', 1, 5, null, null);
  exception
    when dup_val_on_index then null;
    when others then
      if ( sqlcode = -02291 ) then
        dbms_output.put_line('Не удалось добавить запись (op_rules: ''DT_R '', ''135'', ''O'', 1, 5, null, null) - первичный ключ не найден!');
      else raise;
      end if;
  end;
  begin
    insert into op_rules(TAG, TT, OPT, USED4INPUT, ORD, VAL, NOMODIFY)
    values ('FIO  ', '135', 'M', 1, 1, null, null);
  exception
    when dup_val_on_index then null;
    when others then
      if ( sqlcode = -02291 ) then
        dbms_output.put_line('Не удалось добавить запись (op_rules: ''FIO  '', ''135'', ''M'', 1, 1, null, null) - первичный ключ не найден!');
      else raise;
      end if;
  end;
  begin
    insert into op_rules(TAG, TT, OPT, USED4INPUT, ORD, VAL, NOMODIFY)
    values ('KODPL', '135', 'O', 1, 7, null, null);
  exception
    when dup_val_on_index then null;
    when others then
      if ( sqlcode = -02291 ) then
        dbms_output.put_line('Не удалось добавить запись (op_rules: ''KODPL'', ''135'', ''O'', 1, 7, null, null) - первичный ключ не найден!');
      else raise;
      end if;
  end;
  begin
    insert into op_rules(TAG, TT, OPT, USED4INPUT, ORD, VAL, NOMODIFY)
    values ('KOD_B', '135', 'M', 0, 16, '6', null);
  exception
    when dup_val_on_index then null;
    when others then
      if ( sqlcode = -02291 ) then
        dbms_output.put_line('Не удалось добавить запись (op_rules: ''KOD_B'', ''135'', ''M'', 0, 16, ''6'', null) - первичный ключ не найден!');
      else raise;
      end if;
  end;
  begin
    insert into op_rules(TAG, TT, OPT, USED4INPUT, ORD, VAL, NOMODIFY)
    values ('KOD_G', '135', 'M', 0, 17, '804', null);
  exception
    when dup_val_on_index then null;
    when others then
      if ( sqlcode = -02291 ) then
        dbms_output.put_line('Не удалось добавить запись (op_rules: ''KOD_G'', ''135'', ''M'', 0, 17, ''804'', null) - первичный ключ не найден!');
      else raise;
      end if;
  end;
  begin
    insert into op_rules(TAG, TT, OPT, USED4INPUT, ORD, VAL, NOMODIFY)
    values ('KOD_N', '135', 'M', 0, 18, '8446008', null);
  exception
    when dup_val_on_index then null;
    when others then
      if ( sqlcode = -02291 ) then
        dbms_output.put_line('Не удалось добавить запись (op_rules: ''KOD_N'', ''135'', ''M'', 0, 18, ''8446008'', null) - первичный ключ не найден!');
      else raise;
      end if;
  end;
  begin
    insert into op_rules(TAG, TT, OPT, USED4INPUT, ORD, VAL, NOMODIFY)
    values ('NOMCH', '135', 'M', 1, 9, null, null);
  exception
    when dup_val_on_index then null;
    when others then
      if ( sqlcode = -02291 ) then
        dbms_output.put_line('Не удалось добавить запись (op_rules: ''NOMCH'', ''135'', ''M'', 1, 9, null, null) - первичный ключ не найден!');
      else raise;
      end if;
  end;
  begin
    insert into op_rules(TAG, TT, OPT, USED4INPUT, ORD, VAL, NOMODIFY)
    values ('NUMCH', '135', 'M', 1, 10, null, null);
  exception
    when dup_val_on_index then null;
    when others then
      if ( sqlcode = -02291 ) then
        dbms_output.put_line('Не удалось добавить запись (op_rules: ''NUMCH'', ''135'', ''M'', 1, 10, null, null) - первичный ключ не найден!');
      else raise;
      end if;
  end;
  begin
    insert into op_rules(TAG, TT, OPT, USED4INPUT, ORD, VAL, NOMODIFY)
    values ('PASP ', '135', 'O', 1, 2, null, null);
  exception
    when dup_val_on_index then null;
    when others then
      if ( sqlcode = -02291 ) then
        dbms_output.put_line('Не удалось добавить запись (op_rules: ''PASP '', ''135'', ''O'', 1, 2, null, null) - первичный ключ не найден!');
      else raise;
      end if;
  end;
  begin
    insert into op_rules(TAG, TT, OPT, USED4INPUT, ORD, VAL, NOMODIFY)
    values ('PASPN', '135', 'O', 1, 3, null, null);
  exception
    when dup_val_on_index then null;
    when others then
      if ( sqlcode = -02291 ) then
        dbms_output.put_line('Не удалось добавить запись (op_rules: ''PASPN'', ''135'', ''O'', 1, 3, null, null) - первичный ключ не найден!');
      else raise;
      end if;
  end;
  begin
    insert into op_rules(TAG, TT, OPT, USED4INPUT, ORD, VAL, NOMODIFY)
    values ('REZID', '135', 'O', 1, 12, null, null);
  exception
    when dup_val_on_index then null;
    when others then
      if ( sqlcode = -02291 ) then
        dbms_output.put_line('Не удалось добавить запись (op_rules: ''REZID'', ''135'', ''O'', 1, 12, null, null) - первичный ключ не найден!');
      else raise;
      end if;
  end;
  begin
    insert into op_rules(TAG, TT, OPT, USED4INPUT, ORD, VAL, NOMODIFY)
    values ('VA_KK', '135', 'M', 1, 11, null, null);
  exception
    when dup_val_on_index then null;
    when others then
      if ( sqlcode = -02291 ) then
        dbms_output.put_line('Не удалось добавить запись (op_rules: ''VA_KK'', ''135'', ''M'', 1, 11, null, null) - первичный ключ не найден!');
      else raise;
      end if;
  end;
  --------------------------------
  ------ Связанные операции ------
  --------------------------------
  delete from ttsap where tt='135';
  begin
    insert into ttsap(ttap, tt, dk)
    values ('129', '135', 0);
  exception
    when dup_val_on_index then null;
    when others then
      if ( sqlcode = -02291 ) then
        dbms_output.put_line('Не удалось добавить запись (ttsap: ''129'', ''135'', 0) - первичный ключ не найден!');
      else raise;
      end if;
  end;
  begin
    insert into ttsap(ttap, tt, dk)
    values ('166', '135', 0);
  exception
    when dup_val_on_index then null;
    when others then
      if ( sqlcode = -02291 ) then
        dbms_output.put_line('Не удалось добавить запись (ttsap: ''166'', ''135'', 0) - первичный ключ не найден!');
      else raise;
      end if;
  end;
  --------------------------------
  ------- Балансовые счета -------
  --------------------------------
  delete from ps_tts where tt='135';
  --------------------------------
  -------- Виды документов -------
  --------------------------------
  delete from tts_vob where tt='135';
  begin
    insert into tts_vob(vob, tt, ord)
    values (151, '135', null);
  exception
    when dup_val_on_index then null;
    when others then
      if ( sqlcode = -02291 ) then
        dbms_output.put_line('Не удалось добавить запись (tts_vob: 151, ''135'', null) - первичный ключ не найден!');
      else raise;
      end if;
  end;
  --------------------------------
  -------- Группы контроля -------
  --------------------------------
  delete from chklist_tts where tt='135';
  begin
    insert into chklist_tts(idchk, tt, priority, f_big_amount, sqlval, f_in_charge)
    values (5, '135', 3, null, 'nvl(BRANCH_USR.GET_BRANCH_PARAM(''NOT2VISA''),0) = 0', null);
  exception
    when dup_val_on_index then null;
    when others then
      if ( sqlcode = -02291 ) then
        dbms_output.put_line('Не удалось добавить запись (chklist_tts: 5, ''135'', 3, null, ''nvl(BRANCH_USR.GET_BRANCH_PARAM(''''NOT2VISA''''),0) = 0'', null) - первичный ключ не найден!');
      else raise;
      end if;
  end;
  --------------------------------
  ------------- Папки ------------
  --------------------------------
  delete from folders_tts where tt='135';
  begin
    insert into folders_tts(idfo, tt)
    values (21, '135');
  exception
    when dup_val_on_index then null;
    when others then
      if ( sqlcode = -02291 ) then
        dbms_output.put_line('Не удалось добавить запись (folders_tts: 21, ''135'') - первичный ключ не найден!');
      else raise;
      end if;
  end;
end;
/
commit;
