set lines 1000
set trimspool on
set serveroutput on size 1000000

prompt Создание / Обновление операции BP1
prompt Наименование операции: d Оприбуткування інв.монет на суму ном.вартості
declare
  cnt_  number;
begin
  --------------------------------
  -- Основные свойства операции --
  --------------------------------
  begin
    insert into tts(tt, name, dk, nlsm, kv, nlsk, kvk, nlss, nlsa, nlsb, mfob, flc, fli, flv, flr, s, s2, sk, proc, s3800, rang, flags, nazn)
    values ('BP1', 'd Оприбуткування інв.монет на суму ном.вартості', 0, '#(BRANCH_USR.GET_BRANCH_PARAM2(''CASH1007'',0))', 980, '#(BRANCH_USR.GET_BRANCH_PARAM2(''CASHS'',0))', 980, null, null, null, null, 0, 0, 0, 0, 'F_DOP(#(REF),''BM__K'') * F_DOP(#(REF),''BM__Y'') *100', 'F_DOP(#(REF),''BM__K'') * F_DOP(#(REF),''BM__Y'') *100', 39, null, null, null, '0000100001000001000000000000000000010000000000000000000000000000', null);
  exception
    when dup_val_on_index then 
      update tts
         set tt='BP1', name='d Оприбуткування інв.монет на суму ном.вартості', dk=0, nlsm='#(BRANCH_USR.GET_BRANCH_PARAM2(''CASH1007'',0))', kv=980, nlsk='#(BRANCH_USR.GET_BRANCH_PARAM2(''CASHS'',0))', kvk=980, nlss=null, nlsa=null, nlsb=null, mfob=null, flc=0, fli=0, flv=0, flr=0, s='F_DOP(#(REF),''BM__K'') * F_DOP(#(REF),''BM__Y'') *100', s2='F_DOP(#(REF),''BM__K'') * F_DOP(#(REF),''BM__Y'') *100', sk=39, proc=null, s3800=null, rang=null, flags='0000100001000001000000000000000000010000000000000000000000000000', nazn=null
       where tt='BP1';
  end;
  --------------------------------
  ----------- Реквизиты ----------
  --------------------------------
  delete from op_rules where tt='BP1';
  begin
    insert into op_rules(TAG, TT, OPT, USED4INPUT, ORD, VAL, NOMODIFY)
    values ('ADRES', 'BP1', 'O', 1, 11, null, null);
  exception
    when dup_val_on_index then null;
    when others then
      if ( sqlcode = -02291 ) then
        dbms_output.put_line('Не удалось добавить запись (op_rules: ''ADRES'', ''BP1'', ''O'', 1, 11, null, null) - первичный ключ не найден!');
      else raise;
      end if;
  end;
  begin
    insert into op_rules(TAG, TT, OPT, USED4INPUT, ORD, VAL, NOMODIFY)
    values ('ASP_K', 'BP1', 'O', 0, null, null, null);
  exception
    when dup_val_on_index then null;
    when others then
      if ( sqlcode = -02291 ) then
        dbms_output.put_line('Не удалось добавить запись (op_rules: ''ASP_K'', ''BP1'', ''O'', 0, null, null, null) - первичный ключ не найден!');
      else raise;
      end if;
  end;
  begin
    insert into op_rules(TAG, TT, OPT, USED4INPUT, ORD, VAL, NOMODIFY)
    values ('ASP_N', 'BP1', 'O', 0, null, null, null);
  exception
    when dup_val_on_index then null;
    when others then
      if ( sqlcode = -02291 ) then
        dbms_output.put_line('Не удалось добавить запись (op_rules: ''ASP_N'', ''BP1'', ''O'', 0, null, null, null) - первичный ключ не найден!');
      else raise;
      end if;
  end;
  begin
    insert into op_rules(TAG, TT, OPT, USED4INPUT, ORD, VAL, NOMODIFY)
    values ('ASP_S', 'BP1', 'O', 0, null, null, null);
  exception
    when dup_val_on_index then null;
    when others then
      if ( sqlcode = -02291 ) then
        dbms_output.put_line('Не удалось добавить запись (op_rules: ''ASP_S'', ''BP1'', ''O'', 0, null, null, null) - первичный ключ не найден!');
      else raise;
      end if;
  end;
  begin
    insert into op_rules(TAG, TT, OPT, USED4INPUT, ORD, VAL, NOMODIFY)
    values ('ATRT ', 'BP1', 'O', 1, 9, null, null);
  exception
    when dup_val_on_index then null;
    when others then
      if ( sqlcode = -02291 ) then
        dbms_output.put_line('Не удалось добавить запись (op_rules: ''ATRT '', ''BP1'', ''O'', 1, 9, null, null) - первичный ключ не найден!');
      else raise;
      end if;
  end;
  begin
    insert into op_rules(TAG, TT, OPT, USED4INPUT, ORD, VAL, NOMODIFY)
    values ('BM__C', 'BP1', 'M', 1, 1, null, null);
  exception
    when dup_val_on_index then null;
    when others then
      if ( sqlcode = -02291 ) then
        dbms_output.put_line('Не удалось добавить запись (op_rules: ''BM__C'', ''BP1'', ''M'', 1, 1, null, null) - первичный ключ не найден!');
      else raise;
      end if;
  end;
  begin
    insert into op_rules(TAG, TT, OPT, USED4INPUT, ORD, VAL, NOMODIFY)
    values ('BM__K', 'BP1', 'M', 1, 5, null, null);
  exception
    when dup_val_on_index then null;
    when others then
      if ( sqlcode = -02291 ) then
        dbms_output.put_line('Не удалось добавить запись (op_rules: ''BM__K'', ''BP1'', ''M'', 1, 5, null, null) - первичный ключ не найден!');
      else raise;
      end if;
  end;
  begin
    insert into op_rules(TAG, TT, OPT, USED4INPUT, ORD, VAL, NOMODIFY)
    values ('BM__N', 'BP1', 'M', 1, 2, null, null);
  exception
    when dup_val_on_index then null;
    when others then
      if ( sqlcode = -02291 ) then
        dbms_output.put_line('Не удалось добавить запись (op_rules: ''BM__N'', ''BP1'', ''M'', 1, 2, null, null) - первичный ключ не найден!');
      else raise;
      end if;
  end;
  begin
    insert into op_rules(TAG, TT, OPT, USED4INPUT, ORD, VAL, NOMODIFY)
    values ('BM__R', 'BP1', 'M', 1, 3, null, null);
  exception
    when dup_val_on_index then null;
    when others then
      if ( sqlcode = -02291 ) then
        dbms_output.put_line('Не удалось добавить запись (op_rules: ''BM__R'', ''BP1'', ''M'', 1, 3, null, null) - первичный ключ не найден!');
      else raise;
      end if;
  end;
  begin
    insert into op_rules(TAG, TT, OPT, USED4INPUT, ORD, VAL, NOMODIFY)
    values ('BM__U', 'BP1', 'M', 1, 4, null, null);
  exception
    when dup_val_on_index then null;
    when others then
      if ( sqlcode = -02291 ) then
        dbms_output.put_line('Не удалось добавить запись (op_rules: ''BM__U'', ''BP1'', ''M'', 1, 4, null, null) - первичный ключ не найден!');
      else raise;
      end if;
  end;
  begin
    insert into op_rules(TAG, TT, OPT, USED4INPUT, ORD, VAL, NOMODIFY)
    values ('D#73 ', 'BP1', 'O', 0, null, null, null);
  exception
    when dup_val_on_index then null;
    when others then
      if ( sqlcode = -02291 ) then
        dbms_output.put_line('Не удалось добавить запись (op_rules: ''D#73 '', ''BP1'', ''O'', 0, null, null, null) - первичный ключ не найден!');
      else raise;
      end if;
  end;
  begin
    insert into op_rules(TAG, TT, OPT, USED4INPUT, ORD, VAL, NOMODIFY)
    values ('DT_R ', 'BP1', 'O', 1, 10, null, null);
  exception
    when dup_val_on_index then null;
    when others then
      if ( sqlcode = -02291 ) then
        dbms_output.put_line('Не удалось добавить запись (op_rules: ''DT_R '', ''BP1'', ''O'', 1, 10, null, null) - первичный ключ не найден!');
      else raise;
      end if;
  end;
  begin
    insert into op_rules(TAG, TT, OPT, USED4INPUT, ORD, VAL, NOMODIFY)
    values ('FIO  ', 'BP1', 'O', 1, 6, null, null);
  exception
    when dup_val_on_index then null;
    when others then
      if ( sqlcode = -02291 ) then
        dbms_output.put_line('Не удалось добавить запись (op_rules: ''FIO  '', ''BP1'', ''O'', 1, 6, null, null) - первичный ключ не найден!');
      else raise;
      end if;
  end;
  begin
    insert into op_rules(TAG, TT, OPT, USED4INPUT, ORD, VAL, NOMODIFY)
    values ('KODPL', 'BP1', 'O', 1, 13, null, null);
  exception
    when dup_val_on_index then null;
    when others then
      if ( sqlcode = -02291 ) then
        dbms_output.put_line('Не удалось добавить запись (op_rules: ''KODPL'', ''BP1'', ''O'', 1, 13, null, null) - первичный ключ не найден!');
      else raise;
      end if;
  end;
  begin
    insert into op_rules(TAG, TT, OPT, USED4INPUT, ORD, VAL, NOMODIFY)
    values ('KOD_B', 'BP1', 'O', 0, 14, '25', null);
  exception
    when dup_val_on_index then null;
    when others then
      if ( sqlcode = -02291 ) then
        dbms_output.put_line('Не удалось добавить запись (op_rules: ''KOD_B'', ''BP1'', ''O'', 0, 14, ''25'', null) - первичный ключ не найден!');
      else raise;
      end if;
  end;
  begin
    insert into op_rules(TAG, TT, OPT, USED4INPUT, ORD, VAL, NOMODIFY)
    values ('KOD_G', 'BP1', 'O', 0, 15, '804', null);
  exception
    when dup_val_on_index then null;
    when others then
      if ( sqlcode = -02291 ) then
        dbms_output.put_line('Не удалось добавить запись (op_rules: ''KOD_G'', ''BP1'', ''O'', 0, 15, ''804'', null) - первичный ключ не найден!');
      else raise;
      end if;
  end;
  begin
    insert into op_rules(TAG, TT, OPT, USED4INPUT, ORD, VAL, NOMODIFY)
    values ('KOD_N', 'BP1', 'O', 0, 16, '8446018', null);
  exception
    when dup_val_on_index then null;
    when others then
      if ( sqlcode = -02291 ) then
        dbms_output.put_line('Не удалось добавить запись (op_rules: ''KOD_N'', ''BP1'', ''O'', 0, 16, ''8446018'', null) - первичный ключ не найден!');
      else raise;
      end if;
  end;
  begin
    insert into op_rules(TAG, TT, OPT, USED4INPUT, ORD, VAL, NOMODIFY)
    values ('MKURS', 'BP1', 'M', 1, 17, null, null);
  exception
    when dup_val_on_index then null;
    when others then
      if ( sqlcode = -02291 ) then
        dbms_output.put_line('Не удалось добавить запись (op_rules: ''MKURS'', ''BP1'', ''M'', 1, 17, null, null) - первичный ключ не найден!');
      else raise;
      end if;
  end;
  begin
    insert into op_rules(TAG, TT, OPT, USED4INPUT, ORD, VAL, NOMODIFY)
    values ('NATIO', 'BP1', 'O', 1, 12, null, null);
  exception
    when dup_val_on_index then null;
    when others then
      if ( sqlcode = -02291 ) then
        dbms_output.put_line('Не удалось добавить запись (op_rules: ''NATIO'', ''BP1'', ''O'', 1, 12, null, null) - первичный ключ не найден!');
      else raise;
      end if;
  end;
  begin
    insert into op_rules(TAG, TT, OPT, USED4INPUT, ORD, VAL, NOMODIFY)
    values ('PASP ', 'BP1', 'O', 1, 7, null, null);
  exception
    when dup_val_on_index then null;
    when others then
      if ( sqlcode = -02291 ) then
        dbms_output.put_line('Не удалось добавить запись (op_rules: ''PASP '', ''BP1'', ''O'', 1, 7, null, null) - первичный ключ не найден!');
      else raise;
      end if;
  end;
  begin
    insert into op_rules(TAG, TT, OPT, USED4INPUT, ORD, VAL, NOMODIFY)
    values ('PASPN', 'BP1', 'O', 1, 8, null, null);
  exception
    when dup_val_on_index then null;
    when others then
      if ( sqlcode = -02291 ) then
        dbms_output.put_line('Не удалось добавить запись (op_rules: ''PASPN'', ''BP1'', ''O'', 1, 8, null, null) - первичный ключ не найден!');
      else raise;
      end if;
  end;
  begin
    insert into op_rules(TAG, TT, OPT, USED4INPUT, ORD, VAL, NOMODIFY)
    values ('PDV  ', 'BP1', 'M', 1, 18, null, null);
  exception
    when dup_val_on_index then null;
    when others then
      if ( sqlcode = -02291 ) then
        dbms_output.put_line('Не удалось добавить запись (op_rules: ''PDV  '', ''BP1'', ''M'', 1, 18, null, null) - первичный ключ не найден!');
      else raise;
      end if;
  end;
  begin
    insert into op_rules(TAG, TT, OPT, USED4INPUT, ORD, VAL, NOMODIFY)
    values ('REZID', 'BP1', 'M', 0, 11, null, null);
  exception
    when dup_val_on_index then null;
    when others then
      if ( sqlcode = -02291 ) then
        dbms_output.put_line('Не удалось добавить запись (op_rules: ''REZID'', ''BP1'', ''M'', 0, 11, null, null) - первичный ключ не найден!');
      else raise;
      end if;
  end;
  --------------------------------
  ------ Связанные операции ------
  --------------------------------
  delete from ttsap where tt='BP1';
  --------------------------------
  ------- Балансовые счета -------
  --------------------------------
  delete from ps_tts where tt='BP1';
  --------------------------------
  -------- Виды документов -------
  --------------------------------
  delete from tts_vob where tt='BP1';
  begin
    insert into tts_vob(vob, tt, ord)
    values (70, 'BP1', null);
  exception
    when dup_val_on_index then null;
    when others then
      if ( sqlcode = -02291 ) then
        dbms_output.put_line('Не удалось добавить запись (tts_vob: 70, ''BP1'', null) - первичный ключ не найден!');
      else raise;
      end if;
  end;
  --------------------------------
  -------- Группы контроля -------
  --------------------------------
  delete from chklist_tts where tt='BP1';
  begin
    insert into chklist_tts(idchk, tt, priority, f_big_amount, sqlval, f_in_charge)
    values (1, 'BP1', 2, null, 'branch_edit.get_branch_parameter_ex(branch, ''NOT2VISA'', ''0'') = ''0''', null);
  exception
    when dup_val_on_index then null;
    when others then
      if ( sqlcode = -02291 ) then
        dbms_output.put_line('Не удалось добавить запись (chklist_tts: 1, ''BP1'', 2, null, ''branch_edit.get_branch_parameter_ex(branch, ''''NOT2VISA'''', ''''0'''') = ''''0'''''', null) - первичный ключ не найден!');
      else raise;
      end if;
  end;
  begin
    insert into chklist_tts(idchk, tt, priority, f_big_amount, sqlval, f_in_charge)
    values (5, 'BP1', 1, null, null, null);
  exception
    when dup_val_on_index then null;
    when others then
      if ( sqlcode = -02291 ) then
        dbms_output.put_line('Не удалось добавить запись (chklist_tts: 5, ''BP1'', 1, null, null, null) - первичный ключ не найден!');
      else raise;
      end if;
  end;
  --------------------------------
  ------------- Папки ------------
  --------------------------------
  delete from folders_tts where tt='BP1';
  begin
    insert into folders_tts(idfo, tt)
    values (77, 'BP1');
  exception
    when dup_val_on_index then null;
    when others then
      if ( sqlcode = -02291 ) then
        dbms_output.put_line('Не удалось добавить запись (folders_tts: 77, ''BP1'') - первичный ключ не найден!');
      else raise;
      end if;
  end;
end;
/
prompt Создание / Обновление операции B23
prompt Наименование операции: B23-Оприбуткування інвестиційних монет в ТВБВ ІІ рівня
declare
  cnt_  number;
begin
  --------------------------------
  -- Основные свойства операции --
  --------------------------------
  begin
    insert into tts(tt, name, dk, nlsm, kv, nlsk, kvk, nlss, nlsa, nlsb, mfob, flc, fli, flv, flr, s, s2, sk, proc, s3800, rang, flags, nazn)
    values ('B23', 'B23-Оприбуткування інвестиційних монет в ТВБВ ІІ рівня', 0, null, null, null, null, null, null, null, null, 1, 0, 0, 0, null, null, null, null, null, null, '1000100000000000000000000000000000010000000000000000000000000000', 'оприбуткування інвестиційних монет в ТВБВ ІІ рівня');
  exception
    when dup_val_on_index then 
      update tts
         set tt='B23', name='B23-Оприбуткування інвестиційних монет в ТВБВ ІІ рівня', dk=0, nlsm=null, kv=null, nlsk=null, kvk=null, nlss=null, nlsa=null, nlsb=null, mfob=null, flc=1, fli=0, flv=0, flr=0, s=null, s2=null, sk=null, proc=null, s3800=null, rang=null, flags='1000100000000000000000000000000000010000000000000000000000000000', nazn='оприбуткування інвестиційних монет в ТВБВ ІІ рівня'
       where tt='B23';
  end;
  --------------------------------
  ----------- Реквизиты ----------
  --------------------------------
  delete from op_rules where tt='B23';
  begin
    insert into op_rules(TAG, TT, OPT, USED4INPUT, ORD, VAL, NOMODIFY)
    values ('ATRT ', 'B23', 'O', 1, 3, null, null);
  exception
    when dup_val_on_index then null;
    when others then
      if ( sqlcode = -02291 ) then
        dbms_output.put_line('Не удалось добавить запись (op_rules: ''ATRT '', ''B23'', ''O'', 1, 3, null, null) - первичный ключ не найден!');
      else raise;
      end if;
  end;
  begin
    insert into op_rules(TAG, TT, OPT, USED4INPUT, ORD, VAL, NOMODIFY)
    values ('BM__C', 'B23', 'M', 1, 6, null, null);
  exception
    when dup_val_on_index then null;
    when others then
      if ( sqlcode = -02291 ) then
        dbms_output.put_line('Не удалось добавить запись (op_rules: ''BM__C'', ''B23'', ''M'', 1, 6, null, null) - первичный ключ не найден!');
      else raise;
      end if;
  end;
  begin
    insert into op_rules(TAG, TT, OPT, USED4INPUT, ORD, VAL, NOMODIFY)
    values ('BM__K', 'B23', 'M', 1, 0, null, null);
  exception
    when dup_val_on_index then null;
    when others then
      if ( sqlcode = -02291 ) then
        dbms_output.put_line('Не удалось добавить запись (op_rules: ''BM__K'', ''B23'', ''M'', 1, 0, null, null) - первичный ключ не найден!');
      else raise;
      end if;
  end;
  begin
    insert into op_rules(TAG, TT, OPT, USED4INPUT, ORD, VAL, NOMODIFY)
    values ('BM__Y', 'B23', 'M', 1, 0, null, null);
  exception
    when dup_val_on_index then null;
    when others then
      if ( sqlcode = -02291 ) then
        dbms_output.put_line('Не удалось добавить запись (op_rules: ''BM__Y'', ''B23'', ''M'', 1, 0, null, null) - первичный ключ не найден!');
      else raise;
      end if;
  end;
  begin
    insert into op_rules(TAG, TT, OPT, USED4INPUT, ORD, VAL, NOMODIFY)
    values ('FIO  ', 'B23', 'O', 1, 1, null, null);
  exception
    when dup_val_on_index then null;
    when others then
      if ( sqlcode = -02291 ) then
        dbms_output.put_line('Не удалось добавить запись (op_rules: ''FIO  '', ''B23'', ''O'', 1, 1, null, null) - первичный ключ не найден!');
      else raise;
      end if;
  end;
  begin
    insert into op_rules(TAG, TT, OPT, USED4INPUT, ORD, VAL, NOMODIFY)
    values ('INK_K', 'B23', 'O', 1, 5, null, null);
  exception
    when dup_val_on_index then null;
    when others then
      if ( sqlcode = -02291 ) then
        dbms_output.put_line('Не удалось добавить запись (op_rules: ''INK_K'', ''B23'', ''O'', 1, 5, null, null) - первичный ключ не найден!');
      else raise;
      end if;
  end;
  begin
    insert into op_rules(TAG, TT, OPT, USED4INPUT, ORD, VAL, NOMODIFY)
    values ('PASP ', 'B23', 'O', 1, 2, null, null);
  exception
    when dup_val_on_index then null;
    when others then
      if ( sqlcode = -02291 ) then
        dbms_output.put_line('Не удалось добавить запись (op_rules: ''PASP '', ''B23'', ''O'', 1, 2, null, null) - первичный ключ не найден!');
      else raise;
      end if;
  end;
  begin
    insert into op_rules(TAG, TT, OPT, USED4INPUT, ORD, VAL, NOMODIFY)
    values ('PASPN', 'B23', 'O', 1, 4, null, null);
  exception
    when dup_val_on_index then null;
    when others then
      if ( sqlcode = -02291 ) then
        dbms_output.put_line('Не удалось добавить запись (op_rules: ''PASPN'', ''B23'', ''O'', 1, 4, null, null) - первичный ключ не найден!');
      else raise;
      end if;
  end;
  --------------------------------
  ------ Связанные операции ------
  --------------------------------
  delete from ttsap where tt='B23';
  begin
    insert into ttsap(ttap, tt, dk)
    values ('BP1', 'B23', 0);
  exception
    when dup_val_on_index then null;
    when others then
      if ( sqlcode = -02291 ) then
        dbms_output.put_line('Не удалось добавить запись (ttsap: ''BP1'', ''B23'', 0) - первичный ключ не найден!');
      else raise;
      end if;
  end;
  --------------------------------
  ------- Балансовые счета -------
  --------------------------------
  delete from ps_tts where tt='B23';
  begin
    insert into ps_tts(nbs, tt, dk)
    values ('1102', 'B23', 0);
  exception
    when dup_val_on_index then null;
    when others then
      if ( sqlcode = -02291 ) then
        dbms_output.put_line('Не удалось добавить запись (ps_tts: ''1102'', ''B23'', 0) - первичный ключ не найден!');
      else raise;
      end if;
  end;
  begin
    insert into ps_tts(nbs, tt, dk)
    values ('1107', 'B23', 1);
  exception
    when dup_val_on_index then null;
    when others then
      if ( sqlcode = -02291 ) then
        dbms_output.put_line('Не удалось добавить запись (ps_tts: ''1107'', ''B23'', 1) - первичный ключ не найден!');
      else raise;
      end if;
  end;
  --------------------------------
  -------- Виды документов -------
  --------------------------------
  delete from tts_vob where tt='B23';
  begin
    insert into tts_vob(vob, tt, ord)
    values (216, 'B23', null);
  exception
    when dup_val_on_index then null;
    when others then
      if ( sqlcode = -02291 ) then
        dbms_output.put_line('Не удалось добавить запись (tts_vob: 216, ''B23'', null) - первичный ключ не найден!');
      else raise;
      end if;
  end;
  --------------------------------
  -------- Группы контроля -------
  --------------------------------
  delete from chklist_tts where tt='B23';
  begin
    insert into chklist_tts(idchk, tt, priority, f_big_amount, sqlval, f_in_charge)
    values (1, 'B23', 2, null, null, null);
  exception
    when dup_val_on_index then null;
    when others then
      if ( sqlcode = -02291 ) then
        dbms_output.put_line('Не удалось добавить запись (chklist_tts: 1, ''B23'', 2, null, null, null) - первичный ключ не найден!');
      else raise;
      end if;
  end;
  begin
    insert into chklist_tts(idchk, tt, priority, f_big_amount, sqlval, f_in_charge)
    values (5, 'B23', 1, null, null, null);
  exception
    when dup_val_on_index then null;
    when others then
      if ( sqlcode = -02291 ) then
        dbms_output.put_line('Не удалось добавить запись (chklist_tts: 5, ''B23'', 1, null, null, null) - первичный ключ не найден!');
      else raise;
      end if;
  end;
  --------------------------------
  ------------- Папки ------------
  --------------------------------
  delete from folders_tts where tt='B23';
  begin
    insert into folders_tts(idfo, tt)
    values (37, 'B23');
  exception
    when dup_val_on_index then null;
    when others then
      if ( sqlcode = -02291 ) then
        dbms_output.put_line('Не удалось добавить запись (folders_tts: 37, ''B23'') - первичный ключ не найден!');
      else raise;
      end if;
  end;
end;
/
commit;
