set lines 1000
set trimspool on
set serveroutput on size 1000000

prompt Создание / Обновление операции !!K
prompt Наименование операции: STOP правило, ідент. клієнтів без відкртих рахунків (150000)
declare
  cnt_  number;
begin
  --------------------------------
  -- Основные свойства операции --
  --------------------------------
  begin
    insert into tts(tt, name, dk, nlsm, kv, nlsk, kvk, nlss, nlsa, nlsb, mfob, flc, fli, flv, flr, s, s2, sk, proc, s3800, rang, flags, nazn)
    values ('!!K', 'STOP правило, ідент. клієнтів без відкртих рахунків (150000)', 1, null, null, null, null, null, null, null, null, 0, 0, 0, 0, 'f_stop(80015,#(REF),'''',0)', null, null, null, null, null, '0100000000000000000000000000000000000000000000000000000000000000', null);
  exception
    when dup_val_on_index then 
      update tts
         set tt='!!K', name='STOP правило, ідент. клієнтів без відкртих рахунків (150000)', dk=1, nlsm=null, kv=null, nlsk=null, kvk=null, nlss=null, nlsa=null, nlsb=null, mfob=null, flc=0, fli=0, flv=0, flr=0, s='f_stop(80015,#(REF),'''',0)', s2=null, sk=null, proc=null, s3800=null, rang=null, flags='0100000000000000000000000000000000000000000000000000000000000000', nazn=null
       where tt='!!K';
  end;
  --------------------------------
  ----------- Реквизиты ----------
  --------------------------------
  delete from op_rules where tt='!!K';
  --------------------------------
  ------ Связанные операции ------
  --------------------------------
  delete from ttsap where tt='!!K';
  --------------------------------
  ------- Балансовые счета -------
  --------------------------------
  delete from ps_tts where tt='!!K';
  --------------------------------
  -------- Виды документов -------
  --------------------------------
  delete from tts_vob where tt='!!K';
  --------------------------------
  -------- Группы контроля -------
  --------------------------------
  delete from chklist_tts where tt='!!K';
  --------------------------------
  ------------- Папки ------------
  --------------------------------
  delete from folders_tts where tt='!!K';
end;
/
prompt Создание / Обновление операции !AG
prompt Наименование операции: !AG STOP-правило перевірки серії та номеру документа
declare
  cnt_  number;
begin
  --------------------------------
  -- Основные свойства операции --
  --------------------------------
  begin
    insert into tts(tt, name, dk, nlsm, kv, nlsk, kvk, nlss, nlsa, nlsb, mfob, flc, fli, flv, flr, s, s2, sk, proc, s3800, rang, flags, nazn)
    values ('!AG', '!AG STOP-правило перевірки серії та номеру документа', 1, null, null, null, null, null, null, null, null, 0, 0, 0, 0, 'F_STOP(151,#(KVA),'''',#(S),#(REF))', null, null, null, null, null, '0100000000000000000000000000000000000000000000000000000000000000', null);
  exception
    when dup_val_on_index then 
      update tts
         set tt='!AG', name='!AG STOP-правило перевірки серії та номеру документа', dk=1, nlsm=null, kv=null, nlsk=null, kvk=null, nlss=null, nlsa=null, nlsb=null, mfob=null, flc=0, fli=0, flv=0, flr=0, s='F_STOP(151,#(KVA),'''',#(S),#(REF))', s2=null, sk=null, proc=null, s3800=null, rang=null, flags='0100000000000000000000000000000000000000000000000000000000000000', nazn=null
       where tt='!AG';
  end;
  --------------------------------
  ----------- Реквизиты ----------
  --------------------------------
  delete from op_rules where tt='!AG';
  --------------------------------
  ------ Связанные операции ------
  --------------------------------
  delete from ttsap where tt='!AG';
  --------------------------------
  ------- Балансовые счета -------
  --------------------------------
  delete from ps_tts where tt='!AG';
  --------------------------------
  -------- Виды документов -------
  --------------------------------
  delete from tts_vob where tt='!AG';
  --------------------------------
  -------- Группы контроля -------
  --------------------------------
  delete from chklist_tts where tt='!AG';
  --------------------------------
  ------------- Папки ------------
  --------------------------------
  delete from folders_tts where tt='!AG';
end;
/
prompt Создание / Обновление операции !PA
prompt Наименование операции: !PA Заповнення дод.реквізитів(ID-PASP)
declare
  cnt_  number;
begin
  --------------------------------
  -- Основные свойства операции --
  --------------------------------
  begin
    insert into tts(tt, name, dk, nlsm, kv, nlsk, kvk, nlss, nlsa, nlsb, mfob, flc, fli, flv, flr, s, s2, sk, proc, s3800, rang, flags, nazn)
    values ('!PA', '!PA Заповнення дод.реквізитів(ID-PASP)', 1, null, null, null, null, null, null, null, null, 0, 0, 0, 0, 'f_check_tag(#(REF),''PASP'')', null, null, null, null, null, '0100000000000000000000000000000000000000000000000000000000000000', null);
  exception
    when dup_val_on_index then 
      update tts
         set tt='!PA', name='!PA Заповнення дод.реквізитів(ID-PASP)', dk=1, nlsm=null, kv=null, nlsk=null, kvk=null, nlss=null, nlsa=null, nlsb=null, mfob=null, flc=0, fli=0, flv=0, flr=0, s='f_check_tag(#(REF),''PASP'')', s2=null, sk=null, proc=null, s3800=null, rang=null, flags='0100000000000000000000000000000000000000000000000000000000000000', nazn=null
       where tt='!PA';
  end;
  --------------------------------
  ----------- Реквизиты ----------
  --------------------------------
  delete from op_rules where tt='!PA';
  --------------------------------
  ------ Связанные операции ------
  --------------------------------
  delete from ttsap where tt='!PA';
  --------------------------------
  ------- Балансовые счета -------
  --------------------------------
  delete from ps_tts where tt='!PA';
  --------------------------------
  -------- Виды документов -------
  --------------------------------
  delete from tts_vob where tt='!PA';
  --------------------------------
  -------- Группы контроля -------
  --------------------------------
  delete from chklist_tts where tt='!PA';
  --------------------------------
  ------------- Папки ------------
  --------------------------------
  delete from folders_tts where tt='!PA';
end;
/
prompt Создание / Обновление операции TMA
prompt Наименование операции: TMA/ Комісія за реалізацію інвест.монет
declare
  cnt_  number;
begin
  --------------------------------
  -- Основные свойства операции --
  --------------------------------
  begin
    insert into tts(tt, name, dk, nlsm, kv, nlsk, kvk, nlss, nlsa, nlsb, mfob, flc, fli, flv, flr, s, s2, sk, proc, s3800, rang, flags, nazn)
    values ('TMA', 'TMA/ Комісія за реалізацію інвест.монет', 1, '#(nbs_ob22 (''1919'',''06''))', 980, '#(nbs_ob22 (''6399'',''D6''))', 980, null, null, null, null, 0, 0, 0, 0, '#(BM__K)*#(BM__Z)*100', '#(BM__K)*#(BM__Z)*100', null, null, null, null, '0000100001000001000000000000000000010000000000000000000000000000', null);
  exception
    when dup_val_on_index then 
      update tts
         set tt='TMA', name='TMA/ Комісія за реалізацію інвест.монет', dk=1, nlsm='#(nbs_ob22 (''1919'',''06''))', kv=980, nlsk='#(nbs_ob22 (''6399'',''D6''))', kvk=980, nlss=null, nlsa=null, nlsb=null, mfob=null, flc=0, fli=0, flv=0, flr=0, s='#(BM__K)*#(BM__Z)*100', s2='#(BM__K)*#(BM__Z)*100', sk=null, proc=null, s3800=null, rang=null, flags='0000100001000001000000000000000000010000000000000000000000000000', nazn=null
       where tt='TMA';
  end;
  --------------------------------
  ----------- Реквизиты ----------
  --------------------------------
  delete from op_rules where tt='TMA';
  begin
    insert into op_rules(TAG, TT, OPT, USED4INPUT, ORD, VAL, NOMODIFY)
    values ('ADRES', 'TMA', 'O', 1, 11, null, null);
  exception
    when dup_val_on_index then null;
    when others then
      if ( sqlcode = -02291 ) then
        dbms_output.put_line('Не удалось добавить запись (op_rules: ''ADRES'', ''TMA'', ''O'', 1, 11, null, null) - первичный ключ не найден!');
      else raise;
      end if;
  end;
  begin
    insert into op_rules(TAG, TT, OPT, USED4INPUT, ORD, VAL, NOMODIFY)
    values ('ATRT ', 'TMA', 'O', 1, 9, null, null);
  exception
    when dup_val_on_index then null;
    when others then
      if ( sqlcode = -02291 ) then
        dbms_output.put_line('Не удалось добавить запись (op_rules: ''ATRT '', ''TMA'', ''O'', 1, 9, null, null) - первичный ключ не найден!');
      else raise;
      end if;
  end;
  begin
    insert into op_rules(TAG, TT, OPT, USED4INPUT, ORD, VAL, NOMODIFY)
    values ('BM__C', 'TMA', 'M', 1, 1, null, null);
  exception
    when dup_val_on_index then null;
    when others then
      if ( sqlcode = -02291 ) then
        dbms_output.put_line('Не удалось добавить запись (op_rules: ''BM__C'', ''TMA'', ''M'', 1, 1, null, null) - первичный ключ не найден!');
      else raise;
      end if;
  end;
  begin
    insert into op_rules(TAG, TT, OPT, USED4INPUT, ORD, VAL, NOMODIFY)
    values ('BM__K', 'TMA', 'M', 1, 5, null, null);
  exception
    when dup_val_on_index then null;
    when others then
      if ( sqlcode = -02291 ) then
        dbms_output.put_line('Не удалось добавить запись (op_rules: ''BM__K'', ''TMA'', ''M'', 1, 5, null, null) - первичный ключ не найден!');
      else raise;
      end if;
  end;
  begin
    insert into op_rules(TAG, TT, OPT, USED4INPUT, ORD, VAL, NOMODIFY)
    values ('BM__N', 'TMA', 'M', 1, 2, null, null);
  exception
    when dup_val_on_index then null;
    when others then
      if ( sqlcode = -02291 ) then
        dbms_output.put_line('Не удалось добавить запись (op_rules: ''BM__N'', ''TMA'', ''M'', 1, 2, null, null) - первичный ключ не найден!');
      else raise;
      end if;
  end;
  begin
    insert into op_rules(TAG, TT, OPT, USED4INPUT, ORD, VAL, NOMODIFY)
    values ('BM__R', 'TMA', 'M', 1, 3, null, null);
  exception
    when dup_val_on_index then null;
    when others then
      if ( sqlcode = -02291 ) then
        dbms_output.put_line('Не удалось добавить запись (op_rules: ''BM__R'', ''TMA'', ''M'', 1, 3, null, null) - первичный ключ не найден!');
      else raise;
      end if;
  end;
  begin
    insert into op_rules(TAG, TT, OPT, USED4INPUT, ORD, VAL, NOMODIFY)
    values ('BM__U', 'TMA', 'M', 1, 4, null, null);
  exception
    when dup_val_on_index then null;
    when others then
      if ( sqlcode = -02291 ) then
        dbms_output.put_line('Не удалось добавить запись (op_rules: ''BM__U'', ''TMA'', ''M'', 1, 4, null, null) - первичный ключ не найден!');
      else raise;
      end if;
  end;
  begin
    insert into op_rules(TAG, TT, OPT, USED4INPUT, ORD, VAL, NOMODIFY)
    values ('DT_R ', 'TMA', 'O', 1, 10, null, null);
  exception
    when dup_val_on_index then null;
    when others then
      if ( sqlcode = -02291 ) then
        dbms_output.put_line('Не удалось добавить запись (op_rules: ''DT_R '', ''TMA'', ''O'', 1, 10, null, null) - первичный ключ не найден!');
      else raise;
      end if;
  end;
  begin
    insert into op_rules(TAG, TT, OPT, USED4INPUT, ORD, VAL, NOMODIFY)
    values ('FIO  ', 'TMA', 'O', 1, 6, null, null);
  exception
    when dup_val_on_index then null;
    when others then
      if ( sqlcode = -02291 ) then
        dbms_output.put_line('Не удалось добавить запись (op_rules: ''FIO  '', ''TMA'', ''O'', 1, 6, null, null) - первичный ключ не найден!');
      else raise;
      end if;
  end;
  begin
    insert into op_rules(TAG, TT, OPT, USED4INPUT, ORD, VAL, NOMODIFY)
    values ('KODPL', 'TMA', 'O', 1, 13, null, null);
  exception
    when dup_val_on_index then null;
    when others then
      if ( sqlcode = -02291 ) then
        dbms_output.put_line('Не удалось добавить запись (op_rules: ''KODPL'', ''TMA'', ''O'', 1, 13, null, null) - первичный ключ не найден!');
      else raise;
      end if;
  end;
  begin
    insert into op_rules(TAG, TT, OPT, USED4INPUT, ORD, VAL, NOMODIFY)
    values ('KOD_B', 'TMA', 'O', 0, 14, '25', null);
  exception
    when dup_val_on_index then null;
    when others then
      if ( sqlcode = -02291 ) then
        dbms_output.put_line('Не удалось добавить запись (op_rules: ''KOD_B'', ''TMA'', ''O'', 0, 14, ''25'', null) - первичный ключ не найден!');
      else raise;
      end if;
  end;
  begin
    insert into op_rules(TAG, TT, OPT, USED4INPUT, ORD, VAL, NOMODIFY)
    values ('KOD_G', 'TMA', 'O', 0, 15, '804', null);
  exception
    when dup_val_on_index then null;
    when others then
      if ( sqlcode = -02291 ) then
        dbms_output.put_line('Не удалось добавить запись (op_rules: ''KOD_G'', ''TMA'', ''O'', 0, 15, ''804'', null) - первичный ключ не найден!');
      else raise;
      end if;
  end;
  begin
    insert into op_rules(TAG, TT, OPT, USED4INPUT, ORD, VAL, NOMODIFY)
    values ('KOD_N', 'TMA', 'O', 0, 16, '2343001', null);
  exception
    when dup_val_on_index then null;
    when others then
      if ( sqlcode = -02291 ) then
        dbms_output.put_line('Не удалось добавить запись (op_rules: ''KOD_N'', ''TMA'', ''O'', 0, 16, ''2343001'', null) - первичный ключ не найден!');
      else raise;
      end if;
  end;
  begin
    insert into op_rules(TAG, TT, OPT, USED4INPUT, ORD, VAL, NOMODIFY)
    values ('MKURS', 'TMA', 'M', 1, 17, null, null);
  exception
    when dup_val_on_index then null;
    when others then
      if ( sqlcode = -02291 ) then
        dbms_output.put_line('Не удалось добавить запись (op_rules: ''MKURS'', ''TMA'', ''M'', 1, 17, null, null) - первичный ключ не найден!');
      else raise;
      end if;
  end;
  begin
    insert into op_rules(TAG, TT, OPT, USED4INPUT, ORD, VAL, NOMODIFY)
    values ('NATIO', 'TMA', 'O', 1, 12, null, null);
  exception
    when dup_val_on_index then null;
    when others then
      if ( sqlcode = -02291 ) then
        dbms_output.put_line('Не удалось добавить запись (op_rules: ''NATIO'', ''TMA'', ''O'', 1, 12, null, null) - первичный ключ не найден!');
      else raise;
      end if;
  end;
  begin
    insert into op_rules(TAG, TT, OPT, USED4INPUT, ORD, VAL, NOMODIFY)
    values ('PASP ', 'TMA', 'O', 1, 7, null, null);
  exception
    when dup_val_on_index then null;
    when others then
      if ( sqlcode = -02291 ) then
        dbms_output.put_line('Не удалось добавить запись (op_rules: ''PASP '', ''TMA'', ''O'', 1, 7, null, null) - первичный ключ не найден!');
      else raise;
      end if;
  end;
  begin
    insert into op_rules(TAG, TT, OPT, USED4INPUT, ORD, VAL, NOMODIFY)
    values ('PASPN', 'TMA', 'O', 1, 8, null, null);
  exception
    when dup_val_on_index then null;
    when others then
      if ( sqlcode = -02291 ) then
        dbms_output.put_line('Не удалось добавить запись (op_rules: ''PASPN'', ''TMA'', ''O'', 1, 8, null, null) - первичный ключ не найден!');
      else raise;
      end if;
  end;
  begin
    insert into op_rules(TAG, TT, OPT, USED4INPUT, ORD, VAL, NOMODIFY)
    values ('REZID', 'TMA', 'M', 0, 11, null, null);
  exception
    when dup_val_on_index then null;
    when others then
      if ( sqlcode = -02291 ) then
        dbms_output.put_line('Не удалось добавить запись (op_rules: ''REZID'', ''TMA'', ''M'', 0, 11, null, null) - первичный ключ не найден!');
      else raise;
      end if;
  end;
  --------------------------------
  ------ Связанные операции ------
  --------------------------------
  delete from ttsap where tt='TMA';
  --------------------------------
  ------- Балансовые счета -------
  --------------------------------
  delete from ps_tts where tt='TMA';
  --------------------------------
  -------- Виды документов -------
  --------------------------------
  delete from tts_vob where tt='TMA';
  begin
    insert into tts_vob(vob, tt, ord)
    values (70, 'TMA', null);
  exception
    when dup_val_on_index then null;
    when others then
      if ( sqlcode = -02291 ) then
        dbms_output.put_line('Не удалось добавить запись (tts_vob: 70, ''TMA'', null) - первичный ключ не найден!');
      else raise;
      end if;
  end;
  --------------------------------
  -------- Группы контроля -------
  --------------------------------
  delete from chklist_tts where tt='TMA';
  begin
    insert into chklist_tts(idchk, tt, priority, f_big_amount, sqlval, f_in_charge)
    values (1, 'TMA', 2, null, 'branch_edit.get_branch_parameter_ex(branch, ''NOT2VISA'', ''0'') = ''0''', null);
  exception
    when dup_val_on_index then null;
    when others then
      if ( sqlcode = -02291 ) then
        dbms_output.put_line('Не удалось добавить запись (chklist_tts: 1, ''TMA'', 2, null, ''branch_edit.get_branch_parameter_ex(branch, ''''NOT2VISA'''', ''''0'''') = ''''0'''''', null) - первичный ключ не найден!');
      else raise;
      end if;
  end;
  begin
    insert into chklist_tts(idchk, tt, priority, f_big_amount, sqlval, f_in_charge)
    values (5, 'TMA', 1, null, null, null);
  exception
    when dup_val_on_index then null;
    when others then
      if ( sqlcode = -02291 ) then
        dbms_output.put_line('Не удалось добавить запись (chklist_tts: 5, ''TMA'', 1, null, null, null) - первичный ключ не найден!');
      else raise;
      end if;
  end;
  --------------------------------
  ------------- Папки ------------
  --------------------------------
  delete from folders_tts where tt='TMA';
  begin
    insert into folders_tts(idfo, tt)
    values (77, 'TMA');
  exception
    when dup_val_on_index then null;
    when others then
      if ( sqlcode = -02291 ) then
        dbms_output.put_line('Не удалось добавить запись (folders_tts: 77, ''TMA'') - первичный ключ не найден!');
      else raise;
      end if;
  end;
end;
/
prompt Создание / Обновление операции TPR
prompt Наименование операции: TPR/ сума номінальної вартості ІМ 
declare
  cnt_  number;
begin
  --------------------------------
  -- Основные свойства операции --
  --------------------------------
  begin
    insert into tts(tt, name, dk, nlsm, kv, nlsk, kvk, nlss, nlsa, nlsb, mfob, flc, fli, flv, flr, s, s2, sk, proc, s3800, rang, flags, nazn)
    values ('TPR', 'TPR/ сума номінальної вартості ІМ ', 1, '#(nbs_ob22 (''9910'',''01''))', 980, '#(nbs_ob22 (''9819'',(select value from operw where ref = #(REF) and tag = ''BM_22'')))', 980, null, null, null, null, 0, 0, 0, 0, '#(BM__K)*#(BM__Y)*100', '#(BM__K)*#(BM__Y)*100', null, null, null, null, '0000100001000001000000000000000000010000000000000000000000000000', null);
  exception
    when dup_val_on_index then 
      update tts
         set tt='TPR', name='TPR/ сума номінальної вартості ІМ ', dk=1, nlsm='#(nbs_ob22 (''9910'',''01''))', kv=980, nlsk='#(nbs_ob22 (''9819'',(select value from operw where ref = #(REF) and tag = ''BM_22'')))', kvk=980, nlss=null, nlsa=null, nlsb=null, mfob=null, flc=0, fli=0, flv=0, flr=0, s='#(BM__K)*#(BM__Y)*100', s2='#(BM__K)*#(BM__Y)*100', sk=null, proc=null, s3800=null, rang=null, flags='0000100001000001000000000000000000010000000000000000000000000000', nazn=null
       where tt='TPR';
  end;
  --------------------------------
  ----------- Реквизиты ----------
  --------------------------------
  delete from op_rules where tt='TPR';
  begin
    insert into op_rules(TAG, TT, OPT, USED4INPUT, ORD, VAL, NOMODIFY)
    values ('ADRES', 'TPR', 'O', 1, 11, null, null);
  exception
    when dup_val_on_index then null;
    when others then
      if ( sqlcode = -02291 ) then
        dbms_output.put_line('Не удалось добавить запись (op_rules: ''ADRES'', ''TPR'', ''O'', 1, 11, null, null) - первичный ключ не найден!');
      else raise;
      end if;
  end;
  begin
    insert into op_rules(TAG, TT, OPT, USED4INPUT, ORD, VAL, NOMODIFY)
    values ('ATRT ', 'TPR', 'O', 1, 9, null, null);
  exception
    when dup_val_on_index then null;
    when others then
      if ( sqlcode = -02291 ) then
        dbms_output.put_line('Не удалось добавить запись (op_rules: ''ATRT '', ''TPR'', ''O'', 1, 9, null, null) - первичный ключ не найден!');
      else raise;
      end if;
  end;
  begin
    insert into op_rules(TAG, TT, OPT, USED4INPUT, ORD, VAL, NOMODIFY)
    values ('BM__C', 'TPR', 'M', 1, 1, null, null);
  exception
    when dup_val_on_index then null;
    when others then
      if ( sqlcode = -02291 ) then
        dbms_output.put_line('Не удалось добавить запись (op_rules: ''BM__C'', ''TPR'', ''M'', 1, 1, null, null) - первичный ключ не найден!');
      else raise;
      end if;
  end;
  begin
    insert into op_rules(TAG, TT, OPT, USED4INPUT, ORD, VAL, NOMODIFY)
    values ('BM__K', 'TPR', 'M', 1, 5, null, null);
  exception
    when dup_val_on_index then null;
    when others then
      if ( sqlcode = -02291 ) then
        dbms_output.put_line('Не удалось добавить запись (op_rules: ''BM__K'', ''TPR'', ''M'', 1, 5, null, null) - первичный ключ не найден!');
      else raise;
      end if;
  end;
  begin
    insert into op_rules(TAG, TT, OPT, USED4INPUT, ORD, VAL, NOMODIFY)
    values ('BM__N', 'TPR', 'M', 1, 2, null, null);
  exception
    when dup_val_on_index then null;
    when others then
      if ( sqlcode = -02291 ) then
        dbms_output.put_line('Не удалось добавить запись (op_rules: ''BM__N'', ''TPR'', ''M'', 1, 2, null, null) - первичный ключ не найден!');
      else raise;
      end if;
  end;
  begin
    insert into op_rules(TAG, TT, OPT, USED4INPUT, ORD, VAL, NOMODIFY)
    values ('BM__R', 'TPR', 'M', 1, 3, null, null);
  exception
    when dup_val_on_index then null;
    when others then
      if ( sqlcode = -02291 ) then
        dbms_output.put_line('Не удалось добавить запись (op_rules: ''BM__R'', ''TPR'', ''M'', 1, 3, null, null) - первичный ключ не найден!');
      else raise;
      end if;
  end;
  begin
    insert into op_rules(TAG, TT, OPT, USED4INPUT, ORD, VAL, NOMODIFY)
    values ('BM__U', 'TPR', 'M', 1, 4, null, null);
  exception
    when dup_val_on_index then null;
    when others then
      if ( sqlcode = -02291 ) then
        dbms_output.put_line('Не удалось добавить запись (op_rules: ''BM__U'', ''TPR'', ''M'', 1, 4, null, null) - первичный ключ не найден!');
      else raise;
      end if;
  end;
  begin
    insert into op_rules(TAG, TT, OPT, USED4INPUT, ORD, VAL, NOMODIFY)
    values ('DT_R ', 'TPR', 'O', 1, 10, null, null);
  exception
    when dup_val_on_index then null;
    when others then
      if ( sqlcode = -02291 ) then
        dbms_output.put_line('Не удалось добавить запись (op_rules: ''DT_R '', ''TPR'', ''O'', 1, 10, null, null) - первичный ключ не найден!');
      else raise;
      end if;
  end;
  begin
    insert into op_rules(TAG, TT, OPT, USED4INPUT, ORD, VAL, NOMODIFY)
    values ('FIO  ', 'TPR', 'O', 1, 6, null, null);
  exception
    when dup_val_on_index then null;
    when others then
      if ( sqlcode = -02291 ) then
        dbms_output.put_line('Не удалось добавить запись (op_rules: ''FIO  '', ''TPR'', ''O'', 1, 6, null, null) - первичный ключ не найден!');
      else raise;
      end if;
  end;
  begin
    insert into op_rules(TAG, TT, OPT, USED4INPUT, ORD, VAL, NOMODIFY)
    values ('KODPL', 'TPR', 'O', 1, 13, null, null);
  exception
    when dup_val_on_index then null;
    when others then
      if ( sqlcode = -02291 ) then
        dbms_output.put_line('Не удалось добавить запись (op_rules: ''KODPL'', ''TPR'', ''O'', 1, 13, null, null) - первичный ключ не найден!');
      else raise;
      end if;
  end;
  begin
    insert into op_rules(TAG, TT, OPT, USED4INPUT, ORD, VAL, NOMODIFY)
    values ('KOD_B', 'TPR', 'O', 0, 14, '25', null);
  exception
    when dup_val_on_index then null;
    when others then
      if ( sqlcode = -02291 ) then
        dbms_output.put_line('Не удалось добавить запись (op_rules: ''KOD_B'', ''TPR'', ''O'', 0, 14, ''25'', null) - первичный ключ не найден!');
      else raise;
      end if;
  end;
  begin
    insert into op_rules(TAG, TT, OPT, USED4INPUT, ORD, VAL, NOMODIFY)
    values ('KOD_G', 'TPR', 'O', 0, 15, '804', null);
  exception
    when dup_val_on_index then null;
    when others then
      if ( sqlcode = -02291 ) then
        dbms_output.put_line('Не удалось добавить запись (op_rules: ''KOD_G'', ''TPR'', ''O'', 0, 15, ''804'', null) - первичный ключ не найден!');
      else raise;
      end if;
  end;
  begin
    insert into op_rules(TAG, TT, OPT, USED4INPUT, ORD, VAL, NOMODIFY)
    values ('KOD_N', 'TPR', 'O', 0, 16, '2343001', null);
  exception
    when dup_val_on_index then null;
    when others then
      if ( sqlcode = -02291 ) then
        dbms_output.put_line('Не удалось добавить запись (op_rules: ''KOD_N'', ''TPR'', ''O'', 0, 16, ''2343001'', null) - первичный ключ не найден!');
      else raise;
      end if;
  end;
  begin
    insert into op_rules(TAG, TT, OPT, USED4INPUT, ORD, VAL, NOMODIFY)
    values ('MKURS', 'TPR', 'M', 1, 17, null, null);
  exception
    when dup_val_on_index then null;
    when others then
      if ( sqlcode = -02291 ) then
        dbms_output.put_line('Не удалось добавить запись (op_rules: ''MKURS'', ''TPR'', ''M'', 1, 17, null, null) - первичный ключ не найден!');
      else raise;
      end if;
  end;
  begin
    insert into op_rules(TAG, TT, OPT, USED4INPUT, ORD, VAL, NOMODIFY)
    values ('NATIO', 'TPR', 'O', 1, 12, null, null);
  exception
    when dup_val_on_index then null;
    when others then
      if ( sqlcode = -02291 ) then
        dbms_output.put_line('Не удалось добавить запись (op_rules: ''NATIO'', ''TPR'', ''O'', 1, 12, null, null) - первичный ключ не найден!');
      else raise;
      end if;
  end;
  begin
    insert into op_rules(TAG, TT, OPT, USED4INPUT, ORD, VAL, NOMODIFY)
    values ('PASP ', 'TPR', 'O', 1, 7, null, null);
  exception
    when dup_val_on_index then null;
    when others then
      if ( sqlcode = -02291 ) then
        dbms_output.put_line('Не удалось добавить запись (op_rules: ''PASP '', ''TPR'', ''O'', 1, 7, null, null) - первичный ключ не найден!');
      else raise;
      end if;
  end;
  begin
    insert into op_rules(TAG, TT, OPT, USED4INPUT, ORD, VAL, NOMODIFY)
    values ('PASPN', 'TPR', 'O', 1, 8, null, null);
  exception
    when dup_val_on_index then null;
    when others then
      if ( sqlcode = -02291 ) then
        dbms_output.put_line('Не удалось добавить запись (op_rules: ''PASPN'', ''TPR'', ''O'', 1, 8, null, null) - первичный ключ не найден!');
      else raise;
      end if;
  end;
  begin
    insert into op_rules(TAG, TT, OPT, USED4INPUT, ORD, VAL, NOMODIFY)
    values ('REZID', 'TPR', 'M', 0, 11, null, null);
  exception
    when dup_val_on_index then null;
    when others then
      if ( sqlcode = -02291 ) then
        dbms_output.put_line('Не удалось добавить запись (op_rules: ''REZID'', ''TPR'', ''M'', 0, 11, null, null) - первичный ключ не найден!');
      else raise;
      end if;
  end;
  --------------------------------
  ------ Связанные операции ------
  --------------------------------
  delete from ttsap where tt='TPR';
  --------------------------------
  ------- Балансовые счета -------
  --------------------------------
  delete from ps_tts where tt='TPR';
  --------------------------------
  -------- Виды документов -------
  --------------------------------
  delete from tts_vob where tt='TPR';
  begin
    insert into tts_vob(vob, tt, ord)
    values (70, 'TPR', null);
  exception
    when dup_val_on_index then null;
    when others then
      if ( sqlcode = -02291 ) then
        dbms_output.put_line('Не удалось добавить запись (tts_vob: 70, ''TPR'', null) - первичный ключ не найден!');
      else raise;
      end if;
  end;
  --------------------------------
  -------- Группы контроля -------
  --------------------------------
  delete from chklist_tts where tt='TPR';
  begin
    insert into chklist_tts(idchk, tt, priority, f_big_amount, sqlval, f_in_charge)
    values (1, 'TPR', 2, null, 'branch_edit.get_branch_parameter_ex(branch, ''NOT2VISA'', ''0'') = ''0''', null);
  exception
    when dup_val_on_index then null;
    when others then
      if ( sqlcode = -02291 ) then
        dbms_output.put_line('Не удалось добавить запись (chklist_tts: 1, ''TPR'', 2, null, ''branch_edit.get_branch_parameter_ex(branch, ''''NOT2VISA'''', ''''0'''') = ''''0'''''', null) - первичный ключ не найден!');
      else raise;
      end if;
  end;
  begin
    insert into chklist_tts(idchk, tt, priority, f_big_amount, sqlval, f_in_charge)
    values (5, 'TPR', 1, null, null, null);
  exception
    when dup_val_on_index then null;
    when others then
      if ( sqlcode = -02291 ) then
        dbms_output.put_line('Не удалось добавить запись (chklist_tts: 5, ''TPR'', 1, null, null, null) - первичный ключ не найден!');
      else raise;
      end if;
  end;
  --------------------------------
  ------------- Папки ------------
  --------------------------------
  delete from folders_tts where tt='TPR';
  begin
    insert into folders_tts(idfo, tt)
    values (77, 'TPR');
  exception
    when dup_val_on_index then null;
    when others then
      if ( sqlcode = -02291 ) then
        dbms_output.put_line('Не удалось добавить запись (folders_tts: 77, ''TPR'') - первичный ключ не найден!');
      else raise;
      end if;
  end;
end;
/
prompt Создание / Обновление операции TTI
prompt Наименование операции: TTI/Продаж інвестиційних монет без попередньої оплати
declare
  cnt_  number;
begin
  --------------------------------
  -- Основные свойства операции --
  --------------------------------
  begin
    insert into tts(tt, name, dk, nlsm, kv, nlsk, kvk, nlss, nlsa, nlsb, mfob, flc, fli, flv, flr, s, s2, sk, proc, s3800, rang, flags, nazn)
    values ('TTI', 'TTI/Продаж інвестиційних монет без попередньої оплати', 0, '#(nbs_ob22 (''1919'',''06''))', 980, '#(BRANCH_USR.GET_BRANCH_PARAM2(''CASH'',0))', 980, null, '#(nbs_ob22 (''1919'',''06''))', '#(BRANCH_USR.GET_BRANCH_PARAM2(''CASH'',0))', null, 1, 0, 0, 0, '#(BM__K)*#(BM__R)', '#(BM__K)*#(BM__R)', 32, null, null, null, '0000100001000001000000000000000000010000000000000000000000000000', 'Списано реалізовані інвестиційні монети: #(BM__N) в кількості #(BM__K)  шт. ');
  exception
    when dup_val_on_index then 
      update tts
         set tt='TTI', name='TTI/Продаж інвестиційних монет без попередньої оплати', dk=0, nlsm='#(nbs_ob22 (''1919'',''06''))', kv=980, nlsk='#(BRANCH_USR.GET_BRANCH_PARAM2(''CASH'',0))', kvk=980, nlss=null, nlsa='#(nbs_ob22 (''1919'',''06''))', nlsb='#(BRANCH_USR.GET_BRANCH_PARAM2(''CASH'',0))', mfob=null, flc=1, fli=0, flv=0, flr=0, s='#(BM__K)*#(BM__R)', s2='#(BM__K)*#(BM__R)', sk=32, proc=null, s3800=null, rang=null, flags='0000100001000001000000000000000000010000000000000000000000000000', nazn='Списано реалізовані інвестиційні монети: #(BM__N) в кількості #(BM__K)  шт. '
       where tt='TTI';
  end;
  --------------------------------
  ----------- Реквизиты ----------
  --------------------------------
  delete from op_rules where tt='TTI';
  begin
    insert into op_rules(TAG, TT, OPT, USED4INPUT, ORD, VAL, NOMODIFY)
    values ('ADRES', 'TTI', 'O', 1, 11, null, null);
  exception
    when dup_val_on_index then null;
    when others then
      if ( sqlcode = -02291 ) then
        dbms_output.put_line('Не удалось добавить запись (op_rules: ''ADRES'', ''TTI'', ''O'', 1, 11, null, null) - первичный ключ не найден!');
      else raise;
      end if;
  end;
  begin
    insert into op_rules(TAG, TT, OPT, USED4INPUT, ORD, VAL, NOMODIFY)
    values ('ATRT ', 'TTI', 'O', 1, 9, null, null);
  exception
    when dup_val_on_index then null;
    when others then
      if ( sqlcode = -02291 ) then
        dbms_output.put_line('Не удалось добавить запись (op_rules: ''ATRT '', ''TTI'', ''O'', 1, 9, null, null) - первичный ключ не найден!');
      else raise;
      end if;
  end;
  begin
    insert into op_rules(TAG, TT, OPT, USED4INPUT, ORD, VAL, NOMODIFY)
    values ('BM_22', 'TTI', 'O', 1, 18, null, null);
  exception
    when dup_val_on_index then null;
    when others then
      if ( sqlcode = -02291 ) then
        dbms_output.put_line('Не удалось добавить запись (op_rules: ''BM_22'', ''TTI'', ''O'', 1, 18, null, null) - первичный ключ не найден!');
      else raise;
      end if;
  end;
  begin
    insert into op_rules(TAG, TT, OPT, USED4INPUT, ORD, VAL, NOMODIFY)
    values ('BM__C', 'TTI', 'M', 1, 1, null, null);
  exception
    when dup_val_on_index then null;
    when others then
      if ( sqlcode = -02291 ) then
        dbms_output.put_line('Не удалось добавить запись (op_rules: ''BM__C'', ''TTI'', ''M'', 1, 1, null, null) - первичный ключ не найден!');
      else raise;
      end if;
  end;
  begin
    insert into op_rules(TAG, TT, OPT, USED4INPUT, ORD, VAL, NOMODIFY)
    values ('BM__K', 'TTI', 'M', 1, 5, null, null);
  exception
    when dup_val_on_index then null;
    when others then
      if ( sqlcode = -02291 ) then
        dbms_output.put_line('Не удалось добавить запись (op_rules: ''BM__K'', ''TTI'', ''M'', 1, 5, null, null) - первичный ключ не найден!');
      else raise;
      end if;
  end;
  begin
    insert into op_rules(TAG, TT, OPT, USED4INPUT, ORD, VAL, NOMODIFY)
    values ('BM__N', 'TTI', 'M', 1, 2, null, null);
  exception
    when dup_val_on_index then null;
    when others then
      if ( sqlcode = -02291 ) then
        dbms_output.put_line('Не удалось добавить запись (op_rules: ''BM__N'', ''TTI'', ''M'', 1, 2, null, null) - первичный ключ не найден!');
      else raise;
      end if;
  end;
  begin
    insert into op_rules(TAG, TT, OPT, USED4INPUT, ORD, VAL, NOMODIFY)
    values ('BM__R', 'TTI', 'M', 1, 3, null, null);
  exception
    when dup_val_on_index then null;
    when others then
      if ( sqlcode = -02291 ) then
        dbms_output.put_line('Не удалось добавить запись (op_rules: ''BM__R'', ''TTI'', ''M'', 1, 3, null, null) - первичный ключ не найден!');
      else raise;
      end if;
  end;
  begin
    insert into op_rules(TAG, TT, OPT, USED4INPUT, ORD, VAL, NOMODIFY)
    values ('BM__U', 'TTI', 'M', 1, 4, null, null);
  exception
    when dup_val_on_index then null;
    when others then
      if ( sqlcode = -02291 ) then
        dbms_output.put_line('Не удалось добавить запись (op_rules: ''BM__U'', ''TTI'', ''M'', 1, 4, null, null) - первичный ключ не найден!');
      else raise;
      end if;
  end;
  begin
    insert into op_rules(TAG, TT, OPT, USED4INPUT, ORD, VAL, NOMODIFY)
    values ('BM__Y', 'TTI', 'M', 1, 5, null, null);
  exception
    when dup_val_on_index then null;
    when others then
      if ( sqlcode = -02291 ) then
        dbms_output.put_line('Не удалось добавить запись (op_rules: ''BM__Y'', ''TTI'', ''M'', 1, 5, null, null) - первичный ключ не найден!');
      else raise;
      end if;
  end;
  begin
    insert into op_rules(TAG, TT, OPT, USED4INPUT, ORD, VAL, NOMODIFY)
    values ('BM__Z', 'TTI', 'M', 1, 19, null, null);
  exception
    when dup_val_on_index then null;
    when others then
      if ( sqlcode = -02291 ) then
        dbms_output.put_line('Не удалось добавить запись (op_rules: ''BM__Z'', ''TTI'', ''M'', 1, 19, null, null) - первичный ключ не найден!');
      else raise;
      end if;
  end;
  begin
    insert into op_rules(TAG, TT, OPT, USED4INPUT, ORD, VAL, NOMODIFY)
    values ('BPLAC', 'TTI', 'O', 1, 31, null, null);
  exception
    when dup_val_on_index then null;
    when others then
      if ( sqlcode = -02291 ) then
        dbms_output.put_line('Не удалось добавить запись (op_rules: ''BPLAC'', ''TTI'', ''O'', 1, 31, null, null) - первичный ключ не найден!');
      else raise;
      end if;
  end;
  begin
    insert into op_rules(TAG, TT, OPT, USED4INPUT, ORD, VAL, NOMODIFY)
    values ('DJER ', 'TTI', 'O', 1, 40, null, null);
  exception
    when dup_val_on_index then null;
    when others then
      if ( sqlcode = -02291 ) then
        dbms_output.put_line('Не удалось добавить запись (op_rules: ''DJER '', ''TTI'', ''O'', 1, 40, null, null) - первичный ключ не найден!');
      else raise;
      end if;
  end;
  begin
    insert into op_rules(TAG, TT, OPT, USED4INPUT, ORD, VAL, NOMODIFY)
    values ('DRDAY', 'TTI', 'O', 1, 10, null, null);
  exception
    when dup_val_on_index then null;
    when others then
      if ( sqlcode = -02291 ) then
        dbms_output.put_line('Не удалось добавить запись (op_rules: ''DRDAY'', ''TTI'', ''O'', 1, 10, null, null) - первичный ключ не найден!');
      else raise;
      end if;
  end;
  begin
    insert into op_rules(TAG, TT, OPT, USED4INPUT, ORD, VAL, NOMODIFY)
    values ('DT_R ', 'TTI', 'O', 1, 10, null, null);
  exception
    when dup_val_on_index then null;
    when others then
      if ( sqlcode = -02291 ) then
        dbms_output.put_line('Не удалось добавить запись (op_rules: ''DT_R '', ''TTI'', ''O'', 1, 10, null, null) - первичный ключ не найден!');
      else raise;
      end if;
  end;
  begin
    insert into op_rules(TAG, TT, OPT, USED4INPUT, ORD, VAL, NOMODIFY)
    values ('FIO  ', 'TTI', 'M', 1, 6, null, null);
  exception
    when dup_val_on_index then null;
    when others then
      if ( sqlcode = -02291 ) then
        dbms_output.put_line('Не удалось добавить запись (op_rules: ''FIO  '', ''TTI'', ''M'', 1, 6, null, null) - первичный ключ не найден!');
      else raise;
      end if;
  end;
  begin
    insert into op_rules(TAG, TT, OPT, USED4INPUT, ORD, VAL, NOMODIFY)
    values ('FSVSN', 'TTI', 'O', 1, 39, 'Задовільний', null);
  exception
    when dup_val_on_index then null;
    when others then
      if ( sqlcode = -02291 ) then
        dbms_output.put_line('Не удалось добавить запись (op_rules: ''FSVSN'', ''TTI'', ''O'', 1, 39, ''Задовільний'', null) - первичный ключ не найден!');
      else raise;
      end if;
  end;
  begin
    insert into op_rules(TAG, TT, OPT, USED4INPUT, ORD, VAL, NOMODIFY)
    values ('IDDO ', 'TTI', 'O', 1, 9, null, null);
  exception
    when dup_val_on_index then null;
    when others then
      if ( sqlcode = -02291 ) then
        dbms_output.put_line('Не удалось добавить запись (op_rules: ''IDDO '', ''TTI'', ''O'', 1, 9, null, null) - первичный ключ не найден!');
      else raise;
      end if;
  end;
  begin
    insert into op_rules(TAG, TT, OPT, USED4INPUT, ORD, VAL, NOMODIFY)
    values ('KODPL', 'TTI', 'O', 1, 13, null, null);
  exception
    when dup_val_on_index then null;
    when others then
      if ( sqlcode = -02291 ) then
        dbms_output.put_line('Не удалось добавить запись (op_rules: ''KODPL'', ''TTI'', ''O'', 1, 13, null, null) - первичный ключ не найден!');
      else raise;
      end if;
  end;
  begin
    insert into op_rules(TAG, TT, OPT, USED4INPUT, ORD, VAL, NOMODIFY)
    values ('KOD_B', 'TTI', 'O', 0, 14, null, null);
  exception
    when dup_val_on_index then null;
    when others then
      if ( sqlcode = -02291 ) then
        dbms_output.put_line('Не удалось добавить запись (op_rules: ''KOD_B'', ''TTI'', ''O'', 0, 14, null, null) - первичный ключ не найден!');
      else raise;
      end if;
  end;
  begin
    insert into op_rules(TAG, TT, OPT, USED4INPUT, ORD, VAL, NOMODIFY)
    values ('KOD_G', 'TTI', 'O', 0, 15, null, null);
  exception
    when dup_val_on_index then null;
    when others then
      if ( sqlcode = -02291 ) then
        dbms_output.put_line('Не удалось добавить запись (op_rules: ''KOD_G'', ''TTI'', ''O'', 0, 15, null, null) - первичный ключ не найден!');
      else raise;
      end if;
  end;
  begin
    insert into op_rules(TAG, TT, OPT, USED4INPUT, ORD, VAL, NOMODIFY)
    values ('KOD_N', 'TTI', 'O', 0, 16, null, null);
  exception
    when dup_val_on_index then null;
    when others then
      if ( sqlcode = -02291 ) then
        dbms_output.put_line('Не удалось добавить запись (op_rules: ''KOD_N'', ''TTI'', ''O'', 0, 16, null, null) - первичный ключ не найден!');
      else raise;
      end if;
  end;
  begin
    insert into op_rules(TAG, TT, OPT, USED4INPUT, ORD, VAL, NOMODIFY)
    values ('MKURS', 'TTI', 'O', 1, 17, null, null);
  exception
    when dup_val_on_index then null;
    when others then
      if ( sqlcode = -02291 ) then
        dbms_output.put_line('Не удалось добавить запись (op_rules: ''MKURS'', ''TTI'', ''O'', 1, 17, null, null) - первичный ключ не найден!');
      else raise;
      end if;
  end;
  begin
    insert into op_rules(TAG, TT, OPT, USED4INPUT, ORD, VAL, NOMODIFY)
    values ('NATIO', 'TTI', 'O', 1, 12, 'Україна', null);
  exception
    when dup_val_on_index then null;
    when others then
      if ( sqlcode = -02291 ) then
        dbms_output.put_line('Не удалось добавить запись (op_rules: ''NATIO'', ''TTI'', ''O'', 1, 12, ''Україна'', null) - первичный ключ не найден!');
      else raise;
      end if;
  end;
  begin
    insert into op_rules(TAG, TT, OPT, USED4INPUT, ORD, VAL, NOMODIFY)
    values ('O_REP', 'TTI', 'O', 1, 36, 'Задовільна', null);
  exception
    when dup_val_on_index then null;
    when others then
      if ( sqlcode = -02291 ) then
        dbms_output.put_line('Не удалось добавить запись (op_rules: ''O_REP'', ''TTI'', ''O'', 1, 36, ''Задовільна'', null) - первичный ключ не найден!');
      else raise;
      end if;
  end;
  begin
    insert into op_rules(TAG, TT, OPT, USED4INPUT, ORD, VAL, NOMODIFY)
    values ('PASP ', 'TTI', 'O', 1, 7, null, null);
  exception
    when dup_val_on_index then null;
    when others then
      if ( sqlcode = -02291 ) then
        dbms_output.put_line('Не удалось добавить запись (op_rules: ''PASP '', ''TTI'', ''O'', 1, 7, null, null) - первичный ключ не найден!');
      else raise;
      end if;
  end;
  begin
    insert into op_rules(TAG, TT, OPT, USED4INPUT, ORD, VAL, NOMODIFY)
    values ('PASPN', 'TTI', 'O', 1, 8, null, null);
  exception
    when dup_val_on_index then null;
    when others then
      if ( sqlcode = -02291 ) then
        dbms_output.put_line('Не удалось добавить запись (op_rules: ''PASPN'', ''TTI'', ''O'', 1, 8, null, null) - первичный ключ не найден!');
      else raise;
      end if;
  end;
  begin
    insert into op_rules(TAG, TT, OPT, USED4INPUT, ORD, VAL, NOMODIFY)
    values ('PHONE', 'TTI', 'O', 1, 34, null, null);
  exception
    when dup_val_on_index then null;
    when others then
      if ( sqlcode = -02291 ) then
        dbms_output.put_line('Не удалось добавить запись (op_rules: ''PHONE'', ''TTI'', ''O'', 1, 34, null, null) - первичный ключ не найден!');
      else raise;
      end if;
  end;
  begin
    insert into op_rules(TAG, TT, OPT, USED4INPUT, ORD, VAL, NOMODIFY)
    values ('PHONW', 'TTI', 'O', 1, 35, null, null);
  exception
    when dup_val_on_index then null;
    when others then
      if ( sqlcode = -02291 ) then
        dbms_output.put_line('Не удалось добавить запись (op_rules: ''PHONW'', ''TTI'', ''O'', 1, 35, null, null) - первичный ключ не найден!');
      else raise;
      end if;
  end;
  begin
    insert into op_rules(TAG, TT, OPT, USED4INPUT, ORD, VAL, NOMODIFY)
    values ('PUBLP', 'TTI', 'O', 1, 38, 'Ні', null);
  exception
    when dup_val_on_index then null;
    when others then
      if ( sqlcode = -02291 ) then
        dbms_output.put_line('Не удалось добавить запись (op_rules: ''PUBLP'', ''TTI'', ''O'', 1, 38, ''Ні'', null) - первичный ключ не найден!');
      else raise;
      end if;
  end;
  begin
    insert into op_rules(TAG, TT, OPT, USED4INPUT, ORD, VAL, NOMODIFY)
    values ('REZID', 'TTI', 'M', 1, 11, '1', null);
  exception
    when dup_val_on_index then null;
    when others then
      if ( sqlcode = -02291 ) then
        dbms_output.put_line('Не удалось добавить запись (op_rules: ''REZID'', ''TTI'', ''M'', 1, 11, ''1'', null) - первичный ключ не найден!');
      else raise;
      end if;
  end;
  begin
    insert into op_rules(TAG, TT, OPT, USED4INPUT, ORD, VAL, NOMODIFY)
    values ('RIZIK', 'TTI', 'O', 1, 37, 'Низький', null);
  exception
    when dup_val_on_index then null;
    when others then
      if ( sqlcode = -02291 ) then
        dbms_output.put_line('Не удалось добавить запись (op_rules: ''RIZIK'', ''TTI'', ''O'', 1, 37, ''Низький'', null) - первичный ключ не найден!');
      else raise;
      end if;
  end;
  begin
    insert into op_rules(TAG, TT, OPT, USED4INPUT, ORD, VAL, NOMODIFY)
    values ('WORK ', 'TTI', 'O', 1, 33, null, null);
  exception
    when dup_val_on_index then null;
    when others then
      if ( sqlcode = -02291 ) then
        dbms_output.put_line('Не удалось добавить запись (op_rules: ''WORK '', ''TTI'', ''O'', 1, 33, null, null) - первичный ключ не найден!');
      else raise;
      end if;
  end;
  --------------------------------
  ------ Связанные операции ------
  --------------------------------
  delete from ttsap where tt='TTI';
  begin
    insert into ttsap(ttap, tt, dk)
    values ('!!K', 'TTI', 0);
  exception
    when dup_val_on_index then null;
    when others then
      if ( sqlcode = -02291 ) then
        dbms_output.put_line('Не удалось добавить запись (ttsap: ''!!K'', ''TTI'', 0) - первичный ключ не найден!');
      else raise;
      end if;
  end;
  begin
    insert into ttsap(ttap, tt, dk)
    values ('!AG', 'TTI', 0);
  exception
    when dup_val_on_index then null;
    when others then
      if ( sqlcode = -02291 ) then
        dbms_output.put_line('Не удалось добавить запись (ttsap: ''!AG'', ''TTI'', 0) - первичный ключ не найден!');
      else raise;
      end if;
  end;
  begin
    insert into ttsap(ttap, tt, dk)
    values ('!PA', 'TTI', 0);
  exception
    when dup_val_on_index then null;
    when others then
      if ( sqlcode = -02291 ) then
        dbms_output.put_line('Не удалось добавить запись (ttsap: ''!PA'', ''TTI'', 0) - первичный ключ не найден!');
      else raise;
      end if;
  end;
  begin
    insert into ttsap(ttap, tt, dk)
    values ('TMA', 'TTI', 1);
  exception
    when dup_val_on_index then null;
    when others then
      if ( sqlcode = -02291 ) then
        dbms_output.put_line('Не удалось добавить запись (ttsap: ''TMA'', ''TTI'', 1) - первичный ключ не найден!');
      else raise;
      end if;
  end;
  begin
    insert into ttsap(ttap, tt, dk)
    values ('TPR', 'TTI', 1);
  exception
    when dup_val_on_index then null;
    when others then
      if ( sqlcode = -02291 ) then
        dbms_output.put_line('Не удалось добавить запись (ttsap: ''TPR'', ''TTI'', 1) - первичный ключ не найден!');
      else raise;
      end if;
  end;
  --------------------------------
  ------- Балансовые счета -------
  --------------------------------
  delete from ps_tts where tt='TTI';
  --------------------------------
  -------- Виды документов -------
  --------------------------------
  delete from tts_vob where tt='TTI';
  begin
    insert into tts_vob(vob, tt, ord)
    values (65, 'TTI', null);
  exception
    when dup_val_on_index then null;
    when others then
      if ( sqlcode = -02291 ) then
        dbms_output.put_line('Не удалось добавить запись (tts_vob: 65, ''TTI'', null) - первичный ключ не найден!');
      else raise;
      end if;
  end;
  --------------------------------
  -------- Группы контроля -------
  --------------------------------
  delete from chklist_tts where tt='TTI';
  begin
    insert into chklist_tts(idchk, tt, priority, f_big_amount, sqlval, f_in_charge)
    values (1, 'TTI', 2, null, 'branch_edit.get_branch_parameter_ex(branch, ''NOT2VISA'', ''0'') = ''0''', null);
  exception
    when dup_val_on_index then null;
    when others then
      if ( sqlcode = -02291 ) then
        dbms_output.put_line('Не удалось добавить запись (chklist_tts: 1, ''TTI'', 2, null, ''branch_edit.get_branch_parameter_ex(branch, ''''NOT2VISA'''', ''''0'''') = ''''0'''''', null) - первичный ключ не найден!');
      else raise;
      end if;
  end;
  begin
    insert into chklist_tts(idchk, tt, priority, f_big_amount, sqlval, f_in_charge)
    values (5, 'TTI', 1, null, null, null);
  exception
    when dup_val_on_index then null;
    when others then
      if ( sqlcode = -02291 ) then
        dbms_output.put_line('Не удалось добавить запись (chklist_tts: 5, ''TTI'', 1, null, null, null) - первичный ключ не найден!');
      else raise;
      end if;
  end;
  --------------------------------
  ------------- Папки ------------
  --------------------------------
  delete from folders_tts where tt='TTI';
  begin
    insert into folders_tts(idfo, tt)
    values (77, 'TTI');
  exception
    when dup_val_on_index then null;
    when others then
      if ( sqlcode = -02291 ) then
        dbms_output.put_line('Не удалось добавить запись (folders_tts: 77, ''TTI'') - первичный ключ не найден!');
      else raise;
      end if;
  end;
end;
/
commit;
