set lines 1000
set trimspool on
set serveroutput on size 1000000

prompt Создание / Обновление операции K53
prompt Наименование операции: Комісія за списання з рахунків ФО за товари та послуги
declare
  cnt_  number;
begin
  --------------------------------
  -- Основные свойства операции --
  --------------------------------
  begin
    insert into tts(tt, name, dk, nlsm, kv, nlsk, kvk, nlss, nlsa, nlsb, mfob, flc, fli, flv, flr, s, s2, sk, proc, s3800, rang, flags, nazn)
    values ('K53', 'Комісія за списання з рахунків ФО за товари та послуги', 1, null, 980, '#(nbs_ob22 (''6110'',''10''))', 980, null, null, null, null, 0, 0, 0, 0, 'F_TARIF(3, #(KVA), #(NLSA), #(S) )', null, 5, null, null, null, '0100100000000000000000000000000000000000000000000000000000000000', 'Kомісія за Списання безготівк.коштів з рах.ФО за товари та послуги');
  exception
    when dup_val_on_index then 
      update tts
         set tt='K53', name='Комісія за списання з рахунків ФО за товари та послуги', dk=1, nlsm=null, kv=980, nlsk='#(nbs_ob22 (''6110'',''10''))', kvk=980, nlss=null, nlsa=null, nlsb=null, mfob=null, flc=0, fli=0, flv=0, flr=0, s='F_TARIF(3, #(KVA), #(NLSA), #(S) )', s2=null, sk=5, proc=null, s3800=null, rang=null, flags='0100100000000000000000000000000000000000000000000000000000000000', nazn='Kомісія за Списання безготівк.коштів з рах.ФО за товари та послуги'
       where tt='K53';
  end;
  --------------------------------
  ----------- Реквизиты ----------
  --------------------------------
  delete from op_rules where tt='K53';
  begin
    insert into op_rules(TAG, TT, OPT, USED4INPUT, ORD, VAL, NOMODIFY)
    values ('ATRT ', 'K53', 'O', 1, 4, null, null);
  exception
    when dup_val_on_index then null;
    when others then
      if ( sqlcode = -02291 ) then
        dbms_output.put_line('Не удалось добавить запись (op_rules: ''ATRT '', ''K53'', ''O'', 1, 4, null, null) - первичный ключ не найден!');
      else raise;
      end if;
  end;
  begin
    insert into op_rules(TAG, TT, OPT, USED4INPUT, ORD, VAL, NOMODIFY)
    values ('FIO  ', 'K53', 'O', 1, 1, null, null);
  exception
    when dup_val_on_index then null;
    when others then
      if ( sqlcode = -02291 ) then
        dbms_output.put_line('Не удалось добавить запись (op_rules: ''FIO  '', ''K53'', ''O'', 1, 1, null, null) - первичный ключ не найден!');
      else raise;
      end if;
  end;
  begin
    insert into op_rules(TAG, TT, OPT, USED4INPUT, ORD, VAL, NOMODIFY)
    values ('PASP ', 'K53', 'O', 1, 2, null, null);
  exception
    when dup_val_on_index then null;
    when others then
      if ( sqlcode = -02291 ) then
        dbms_output.put_line('Не удалось добавить запись (op_rules: ''PASP '', ''K53'', ''O'', 1, 2, null, null) - первичный ключ не найден!');
      else raise;
      end if;
  end;
  begin
    insert into op_rules(TAG, TT, OPT, USED4INPUT, ORD, VAL, NOMODIFY)
    values ('PASPN', 'K53', 'O', 1, 3, null, null);
  exception
    when dup_val_on_index then null;
    when others then
      if ( sqlcode = -02291 ) then
        dbms_output.put_line('Не удалось добавить запись (op_rules: ''PASPN'', ''K53'', ''O'', 1, 3, null, null) - первичный ключ не найден!');
      else raise;
      end if;
  end;
  begin
    insert into op_rules(TAG, TT, OPT, USED4INPUT, ORD, VAL, NOMODIFY)
    values ('POKPO', 'K53', 'M', 1, 5, null, null);
  exception
    when dup_val_on_index then null;
    when others then
      if ( sqlcode = -02291 ) then
        dbms_output.put_line('Не удалось добавить запись (op_rules: ''POKPO'', ''K53'', ''M'', 1, 5, null, null) - первичный ключ не найден!');
      else raise;
      end if;
  end;
  --------------------------------
  ------ Связанные операции ------
  --------------------------------
  delete from ttsap where tt='K53';
  --------------------------------
  ------- Балансовые счета -------
  --------------------------------
  delete from ps_tts where tt='K53';
  begin
    insert into ps_tts(nbs, tt, dk)
    values ('6110', 'K53', 1);
  exception
    when dup_val_on_index then null;
    when others then
      if ( sqlcode = -02291 ) then
        dbms_output.put_line('Не удалось добавить запись (ps_tts: ''6110'', ''K53'', 1) - первичный ключ не найден!');
      else raise;
      end if;
  end;
  --------------------------------
  -------- Виды документов -------
  --------------------------------
  delete from tts_vob where tt='K53';
  --------------------------------
  -------- Группы контроля -------
  --------------------------------
  delete from chklist_tts where tt='K53';
  begin
    insert into chklist_tts(idchk, tt, priority, f_big_amount, sqlval, f_in_charge)
    values (1, 'K53', 2, null, null, null);
  exception
    when dup_val_on_index then null;
    when others then
      if ( sqlcode = -02291 ) then
        dbms_output.put_line('Не удалось добавить запись (chklist_tts: 1, ''K53'', 2, null, null, null) - первичный ключ не найден!');
      else raise;
      end if;
  end;
  begin
    insert into chklist_tts(idchk, tt, priority, f_big_amount, sqlval, f_in_charge)
    values (2, 'K53', 1, null, null, null);
  exception
    when dup_val_on_index then null;
    when others then
      if ( sqlcode = -02291 ) then
        dbms_output.put_line('Не удалось добавить запись (chklist_tts: 2, ''K53'', 1, null, null, null) - первичный ключ не найден!');
      else raise;
      end if;
  end;
  --------------------------------
  ------------- Папки ------------
  --------------------------------
  delete from folders_tts where tt='K53';
  begin
    insert into folders_tts(idfo, tt)
    values (2, 'K53');
  exception
    when dup_val_on_index then null;
    when others then
      if ( sqlcode = -02291 ) then
        dbms_output.put_line('Не удалось добавить запись (folders_tts: 2, ''K53'') - первичный ключ не найден!');
      else raise;
      end if;
  end;
end;
/
prompt Создание / Обновление операции 023
prompt Наименование операции: 023 Списання з рахунку ФО за товари та послуги
declare
  cnt_  number;
begin
  --------------------------------
  -- Основные свойства операции --
  --------------------------------
  begin
    insert into tts(tt, name, dk, nlsm, kv, nlsk, kvk, nlss, nlsa, nlsb, mfob, flc, fli, flv, flr, s, s2, sk, proc, s3800, rang, flags, nazn)
    values ('023', '023 Списання з рахунку ФО за товари та послуги', 1, null, 980, '#(nbs_ob22(''2902'',''05''))', 980, null, null, '#(nbs_ob22(''2902'',''05''))', null, 1, 0, 0, 0, null, null, null, null, null, null, '0001100000000000000000000001000000010000000000000000000000000000', 'Списано за товари та послуги');
  exception
    when dup_val_on_index then 
      update tts
         set tt='023', name='023 Списання з рахунку ФО за товари та послуги', dk=1, nlsm=null, kv=980, nlsk='#(nbs_ob22(''2902'',''05''))', kvk=980, nlss=null, nlsa=null, nlsb='#(nbs_ob22(''2902'',''05''))', mfob=null, flc=1, fli=0, flv=0, flr=0, s=null, s2=null, sk=null, proc=null, s3800=null, rang=null, flags='0001100000000000000000000001000000010000000000000000000000000000', nazn='Списано за товари та послуги'
       where tt='023';
  end;
  --------------------------------
  ----------- Реквизиты ----------
  --------------------------------
  delete from op_rules where tt='023';
  begin
    insert into op_rules(TAG, TT, OPT, USED4INPUT, ORD, VAL, NOMODIFY)
    values ('FIO  ', '023', 'O', 0, null, null, null);
  exception
    when dup_val_on_index then null;
    when others then
      if ( sqlcode = -02291 ) then
        dbms_output.put_line('Не удалось добавить запись (op_rules: ''FIO  '', ''023'', ''O'', 0, null, null, null) - первичный ключ не найден!');
      else raise;
      end if;
  end;
  begin
    insert into op_rules(TAG, TT, OPT, USED4INPUT, ORD, VAL, NOMODIFY)
    values ('KOPL ', '023', 'O', 0, null, null, null);
  exception
    when dup_val_on_index then null;
    when others then
      if ( sqlcode = -02291 ) then
        dbms_output.put_line('Не удалось добавить запись (op_rules: ''KOPL '', ''023'', ''O'', 0, null, null, null) - первичный ключ не найден!');
      else raise;
      end if;
  end;
  begin
    insert into op_rules(TAG, TT, OPT, USED4INPUT, ORD, VAL, NOMODIFY)
    values ('SK_ZB', '023', 'O', 0, null, '95', null);
  exception
    when dup_val_on_index then null;
    when others then
      if ( sqlcode = -02291 ) then
        dbms_output.put_line('Не удалось добавить запись (op_rules: ''SK_ZB'', ''023'', ''O'', 0, null, ''95'', null) - первичный ключ не найден!');
      else raise;
      end if;
  end;
  --------------------------------
  ------ Связанные операции ------
  --------------------------------
  delete from ttsap where tt='023';
  begin
    insert into ttsap(ttap, tt, dk)
    values ('K53', '023', 0);
  exception
    when dup_val_on_index then null;
    when others then
      if ( sqlcode = -02291 ) then
        dbms_output.put_line('Не удалось добавить запись (ttsap: ''K53'', ''023'', 0) - первичный ключ не найден!');
      else raise;
      end if;
  end;
  --------------------------------
  ------- Балансовые счета -------
  --------------------------------
  delete from ps_tts where tt='023';
  begin
    insert into ps_tts(nbs, tt, dk)
    values ('2620', '023', 0);
  exception
    when dup_val_on_index then null;
    when others then
      if ( sqlcode = -02291 ) then
        dbms_output.put_line('Не удалось добавить запись (ps_tts: ''2620'', ''023'', 0) - первичный ключ не найден!');
      else raise;
      end if;
  end;
  begin
    insert into ps_tts(nbs, tt, dk)
    values ('2902', '023', 1);
  exception
    when dup_val_on_index then null;
    when others then
      if ( sqlcode = -02291 ) then
        dbms_output.put_line('Не удалось добавить запись (ps_tts: ''2902'', ''023'', 1) - первичный ключ не найден!');
      else raise;
      end if;
  end;
  --------------------------------
  -------- Виды документов -------
  --------------------------------
  delete from tts_vob where tt='023';
  begin
    insert into tts_vob(vob, tt, ord)
    values (38, '023', null);
  exception
    when dup_val_on_index then null;
    when others then
      if ( sqlcode = -02291 ) then
        dbms_output.put_line('Не удалось добавить запись (tts_vob: 38, ''023'', null) - первичный ключ не найден!');
      else raise;
      end if;
  end;
  begin
    insert into tts_vob(vob, tt, ord)
    values (164, '023', null);
  exception
    when dup_val_on_index then null;
    when others then
      if ( sqlcode = -02291 ) then
        dbms_output.put_line('Не удалось добавить запись (tts_vob: 164, ''023'', null) - первичный ключ не найден!');
      else raise;
      end if;
  end;
  --------------------------------
  -------- Группы контроля -------
  --------------------------------
  delete from chklist_tts where tt='023';
  begin
    insert into chklist_tts(idchk, tt, priority, f_big_amount, sqlval, f_in_charge)
    values (5, '023', 1, null, null, null);
  exception
    when dup_val_on_index then null;
    when others then
      if ( sqlcode = -02291 ) then
        dbms_output.put_line('Не удалось добавить запись (chklist_tts: 5, ''023'', 1, null, null, null) - первичный ключ не найден!');
      else raise;
      end if;
  end;
  --------------------------------
  ------------- Папки ------------
  --------------------------------
  delete from folders_tts where tt='023';
  begin
    insert into folders_tts(idfo, tt)
    values (92, '023');
  exception
    when dup_val_on_index then null;
    when others then
      if ( sqlcode = -02291 ) then
        dbms_output.put_line('Не удалось добавить запись (folders_tts: 92, ''023'') - первичный ключ не найден!');
      else raise;
      end if;
  end;
end;
/
commit;
