set lines 1000
set trimspool on
set serveroutput on size 1000000

prompt Создание / Обновление операции 051
prompt Наименование операции: 051 Оприбуткування недостачі в касетах банкомата до встановлення винни
declare
  cnt_  number;
begin
  --------------------------------
  -- Основные свойства операции --
  --------------------------------
  begin
    insert into tts(tt, name, dk, nlsm, kv, nlsk, kvk, nlss, nlsa, nlsb, mfob, flc, fli, flv, flr, s, s2, sk, proc, s3800, rang, flags, nazn)
    values ('051', '051 Оприбуткування недостачі в касетах банкомата до встановлення винни', 1, '#(nbs_ob22 (''9618'',''01''))', 980, '#(nbs_ob22 (''9910'',''01''))', 980, null, '#(nbs_ob22 (''9618'',''01''))', '#(nbs_ob22 (''9910'',''01''))', null, 0, 0, 0, 1, null, null, null, null, null, null, '0101100000000000000000000000000000010000000000000000000000000000', 'Оприбуткування недостачі в касетах банкомата до встановлення винних осіб');
  exception
    when dup_val_on_index then 
      update tts
         set tt='051', name='051 Оприбуткування недостачі в касетах банкомата до встановлення винни', dk=1, nlsm='#(nbs_ob22 (''9618'',''01''))', kv=980, nlsk='#(nbs_ob22 (''9910'',''01''))', kvk=980, nlss=null, nlsa='#(nbs_ob22 (''9618'',''01''))', nlsb='#(nbs_ob22 (''9910'',''01''))', mfob=null, flc=0, fli=0, flv=0, flr=1, s=null, s2=null, sk=null, proc=null, s3800=null, rang=null, flags='0101100000000000000000000000000000010000000000000000000000000000', nazn='Оприбуткування недостачі в касетах банкомата до встановлення винних осіб'
       where tt='051';
  end;
  --------------------------------
  ----------- Реквизиты ----------
  --------------------------------
  delete from op_rules where tt='051';
  begin
    insert into op_rules(TAG, TT, OPT, USED4INPUT, ORD, VAL, NOMODIFY)
    values ('ADRES', '051', 'O', 1, 5, null, null);
  exception
    when dup_val_on_index then null;
    when others then
      if ( sqlcode = -02291 ) then
        dbms_output.put_line('Не удалось добавить запись (op_rules: ''ADRES'', ''051'', ''O'', 1, 5, null, null) - первичный ключ не найден!');
      else raise;
      end if;
  end;
  begin
    insert into op_rules(TAG, TT, OPT, USED4INPUT, ORD, VAL, NOMODIFY)
    values ('ASP_K', '051', 'O', 0, null, null, null);
  exception
    when dup_val_on_index then null;
    when others then
      if ( sqlcode = -02291 ) then
        dbms_output.put_line('Не удалось добавить запись (op_rules: ''ASP_K'', ''051'', ''O'', 0, null, null, null) - первичный ключ не найден!');
      else raise;
      end if;
  end;
  begin
    insert into op_rules(TAG, TT, OPT, USED4INPUT, ORD, VAL, NOMODIFY)
    values ('ASP_N', '051', 'O', 0, null, null, null);
  exception
    when dup_val_on_index then null;
    when others then
      if ( sqlcode = -02291 ) then
        dbms_output.put_line('Не удалось добавить запись (op_rules: ''ASP_N'', ''051'', ''O'', 0, null, null, null) - первичный ключ не найден!');
      else raise;
      end if;
  end;
  begin
    insert into op_rules(TAG, TT, OPT, USED4INPUT, ORD, VAL, NOMODIFY)
    values ('ASP_S', '051', 'O', 0, null, null, null);
  exception
    when dup_val_on_index then null;
    when others then
      if ( sqlcode = -02291 ) then
        dbms_output.put_line('Не удалось добавить запись (op_rules: ''ASP_S'', ''051'', ''O'', 0, null, null, null) - первичный ключ не найден!');
      else raise;
      end if;
  end;
  begin
    insert into op_rules(TAG, TT, OPT, USED4INPUT, ORD, VAL, NOMODIFY)
    values ('ATRT ', '051', 'O', 1, 8, null, null);
  exception
    when dup_val_on_index then null;
    when others then
      if ( sqlcode = -02291 ) then
        dbms_output.put_line('Не удалось добавить запись (op_rules: ''ATRT '', ''051'', ''O'', 1, 8, null, null) - первичный ключ не найден!');
      else raise;
      end if;
  end;
  begin
    insert into op_rules(TAG, TT, OPT, USED4INPUT, ORD, VAL, NOMODIFY)
    values ('D#73 ', '051', 'O', 0, null, null, null);
  exception
    when dup_val_on_index then null;
    when others then
      if ( sqlcode = -02291 ) then
        dbms_output.put_line('Не удалось добавить запись (op_rules: ''D#73 '', ''051'', ''O'', 0, null, null, null) - первичный ключ не найден!');
      else raise;
      end if;
  end;
  begin
    insert into op_rules(TAG, TT, OPT, USED4INPUT, ORD, VAL, NOMODIFY)
    values ('FIO  ', '051', 'O', 0, null, null, null);
  exception
    when dup_val_on_index then null;
    when others then
      if ( sqlcode = -02291 ) then
        dbms_output.put_line('Не удалось добавить запись (op_rules: ''FIO  '', ''051'', ''O'', 0, null, null, null) - первичный ключ не найден!');
      else raise;
      end if;
  end;
  begin
    insert into op_rules(TAG, TT, OPT, USED4INPUT, ORD, VAL, NOMODIFY)
    values ('KOD_B', '051', 'O', 0, null, null, null);
  exception
    when dup_val_on_index then null;
    when others then
      if ( sqlcode = -02291 ) then
        dbms_output.put_line('Не удалось добавить запись (op_rules: ''KOD_B'', ''051'', ''O'', 0, null, null, null) - первичный ключ не найден!');
      else raise;
      end if;
  end;
  begin
    insert into op_rules(TAG, TT, OPT, USED4INPUT, ORD, VAL, NOMODIFY)
    values ('KOD_G', '051', 'O', 0, null, null, null);
  exception
    when dup_val_on_index then null;
    when others then
      if ( sqlcode = -02291 ) then
        dbms_output.put_line('Не удалось добавить запись (op_rules: ''KOD_G'', ''051'', ''O'', 0, null, null, null) - первичный ключ не найден!');
      else raise;
      end if;
  end;
  begin
    insert into op_rules(TAG, TT, OPT, USED4INPUT, ORD, VAL, NOMODIFY)
    values ('KOD_N', '051', 'O', 0, null, null, null);
  exception
    when dup_val_on_index then null;
    when others then
      if ( sqlcode = -02291 ) then
        dbms_output.put_line('Не удалось добавить запись (op_rules: ''KOD_N'', ''051'', ''O'', 0, null, null, null) - первичный ключ не найден!');
      else raise;
      end if;
  end;
  begin
    insert into op_rules(TAG, TT, OPT, USED4INPUT, ORD, VAL, NOMODIFY)
    values ('OSOBA', '051', 'O', 1, 2, 'Фiз.особа', null);
  exception
    when dup_val_on_index then null;
    when others then
      if ( sqlcode = -02291 ) then
        dbms_output.put_line('Не удалось добавить запись (op_rules: ''OSOBA'', ''051'', ''O'', 1, 2, ''Фiз.особа'', null) - первичный ключ не найден!');
      else raise;
      end if;
  end;
  begin
    insert into op_rules(TAG, TT, OPT, USED4INPUT, ORD, VAL, NOMODIFY)
    values ('PASP ', '051', 'O', 1, 6, null, null);
  exception
    when dup_val_on_index then null;
    when others then
      if ( sqlcode = -02291 ) then
        dbms_output.put_line('Не удалось добавить запись (op_rules: ''PASP '', ''051'', ''O'', 1, 6, null, null) - первичный ключ не найден!');
      else raise;
      end if;
  end;
  begin
    insert into op_rules(TAG, TT, OPT, USED4INPUT, ORD, VAL, NOMODIFY)
    values ('PASPN', '051', 'O', 1, 7, null, null);
  exception
    when dup_val_on_index then null;
    when others then
      if ( sqlcode = -02291 ) then
        dbms_output.put_line('Не удалось добавить запись (op_rules: ''PASPN'', ''051'', ''O'', 1, 7, null, null) - первичный ключ не найден!');
      else raise;
      end if;
  end;
  begin
    insert into op_rules(TAG, TT, OPT, USED4INPUT, ORD, VAL, NOMODIFY)
    values ('PIDST', '051', 'O', 1, 4, null, null);
  exception
    when dup_val_on_index then null;
    when others then
      if ( sqlcode = -02291 ) then
        dbms_output.put_line('Не удалось добавить запись (op_rules: ''PIDST'', ''051'', ''O'', 1, 4, null, null) - первичный ключ не найден!');
      else raise;
      end if;
  end;
  begin
    insert into op_rules(TAG, TT, OPT, USED4INPUT, ORD, VAL, NOMODIFY)
    values ('PO_N1', '051', 'O', 1, 3, null, null);
  exception
    when dup_val_on_index then null;
    when others then
      if ( sqlcode = -02291 ) then
        dbms_output.put_line('Не удалось добавить запись (op_rules: ''PO_N1'', ''051'', ''O'', 1, 3, null, null) - первичный ключ не найден!');
      else raise;
      end if;
  end;
  begin
    insert into op_rules(TAG, TT, OPT, USED4INPUT, ORD, VAL, NOMODIFY)
    values ('VLASN', '051', 'O', 1, 1, null, null);
  exception
    when dup_val_on_index then null;
    when others then
      if ( sqlcode = -02291 ) then
        dbms_output.put_line('Не удалось добавить запись (op_rules: ''VLASN'', ''051'', ''O'', 1, 1, null, null) - первичный ключ не найден!');
      else raise;
      end if;
  end;
  --------------------------------
  ------ Связанные операции ------
  --------------------------------
  delete from ttsap where tt='051';
  --------------------------------
  ------- Балансовые счета -------
  --------------------------------
  delete from ps_tts where tt='051';
  begin
    insert into ps_tts(nbs, tt, dk)
    values ('9618', '051', 0);
  exception
    when dup_val_on_index then null;
    when others then
      if ( sqlcode = -02291 ) then
        dbms_output.put_line('Не удалось добавить запись (ps_tts: ''9618'', ''051'', 0) - первичный ключ не найден!');
      else raise;
      end if;
  end;
  begin
    insert into ps_tts(nbs, tt, dk)
    values ('9910', '051', 1);
  exception
    when dup_val_on_index then null;
    when others then
      if ( sqlcode = -02291 ) then
        dbms_output.put_line('Не удалось добавить запись (ps_tts: ''9910'', ''051'', 1) - первичный ключ не найден!');
      else raise;
      end if;
  end;
  --------------------------------
  -------- Виды документов -------
  --------------------------------
  delete from tts_vob where tt='051';
  --------------------------------
  -------- Группы контроля -------
  --------------------------------
  delete from chklist_tts where tt='051';
  --------------------------------
  ------------- Папки ------------
  --------------------------------
  delete from folders_tts where tt='051';
end;
/
prompt Создание / Обновление операции 050
prompt Наименование операции: 050-Визнання витрат банку за нестачею готівки в касетах банкомата до
declare
  cnt_  number;
begin
  --------------------------------
  -- Основные свойства операции --
  --------------------------------
  begin
    insert into tts(tt, name, dk, nlsm, kv, nlsk, kvk, nlss, nlsa, nlsb, mfob, flc, fli, flv, flr, s, s2, sk, proc, s3800, rang, flags, nazn)
    values ('050', '050-Визнання витрат банку за нестачею готівки в касетах банкомата до', 1, '#(nbs_ob22 (''7399'',''24''))', 980, null, 980, null, '#(nbs_ob22 (''7399'',''24''))', null, null, 0, 0, 0, 0, null, null, null, null, null, null, '1101100000000000000000000001000000010000000000000000000000000000', 'Визнання витрат банку за нестачею готівки в касетах банкомата до встановлення винних осіб');
  exception
    when dup_val_on_index then 
      update tts
         set tt='050', name='050-Визнання витрат банку за нестачею готівки в касетах банкомата до', dk=1, nlsm='#(nbs_ob22 (''7399'',''24''))', kv=980, nlsk=null, kvk=980, nlss=null, nlsa='#(nbs_ob22 (''7399'',''24''))', nlsb=null, mfob=null, flc=0, fli=0, flv=0, flr=0, s=null, s2=null, sk=null, proc=null, s3800=null, rang=null, flags='1101100000000000000000000001000000010000000000000000000000000000', nazn='Визнання витрат банку за нестачею готівки в касетах банкомата до встановлення винних осіб'
       where tt='050';
  end;
  --------------------------------
  ----------- Реквизиты ----------
  --------------------------------
  delete from op_rules where tt='050';
  begin
    insert into op_rules(TAG, TT, OPT, USED4INPUT, ORD, VAL, NOMODIFY)
    values ('FIO  ', '050', 'O', 1, 1, '''  ''', null);
  exception
    when dup_val_on_index then null;
    when others then
      if ( sqlcode = -02291 ) then
        dbms_output.put_line('Не удалось добавить запись (op_rules: ''FIO  '', ''050'', ''O'', 1, 1, ''''''  '''''', null) - первичный ключ не найден!');
      else raise;
      end if;
  end;
  --------------------------------
  ------ Связанные операции ------
  --------------------------------
  delete from ttsap where tt='050';
  begin
    insert into ttsap(ttap, tt, dk)
    values ('051', '050', 0);
  exception
    when dup_val_on_index then null;
    when others then
      if ( sqlcode = -02291 ) then
        dbms_output.put_line('Не удалось добавить запись (ttsap: ''051'', ''050'', 0) - первичный ключ не найден!');
      else raise;
      end if;
  end;
  --------------------------------
  ------- Балансовые счета -------
  --------------------------------
  delete from ps_tts where tt='050';
  begin
    insert into ps_tts(nbs, tt, dk)
    values ('2924', '050', 1);
  exception
    when dup_val_on_index then null;
    when others then
      if ( sqlcode = -02291 ) then
        dbms_output.put_line('Не удалось добавить запись (ps_tts: ''2924'', ''050'', 1) - первичный ключ не найден!');
      else raise;
      end if;
  end;
  begin
    insert into ps_tts(nbs, tt, dk)
    values ('7399', '050', 0);
  exception
    when dup_val_on_index then null;
    when others then
      if ( sqlcode = -02291 ) then
        dbms_output.put_line('Не удалось добавить запись (ps_tts: ''7399'', ''050'', 0) - первичный ключ не найден!');
      else raise;
      end if;
  end;
  --------------------------------
  -------- Виды документов -------
  --------------------------------
  delete from tts_vob where tt='050';
  begin
    insert into tts_vob(vob, tt, ord)
    values (50, '050', null);
  exception
    when dup_val_on_index then null;
    when others then
      if ( sqlcode = -02291 ) then
        dbms_output.put_line('Не удалось добавить запись (tts_vob: 50, ''050'', null) - первичный ключ не найден!');
      else raise;
      end if;
  end;
  --------------------------------
  -------- Группы контроля -------
  --------------------------------
  delete from chklist_tts where tt='050';
  begin
    insert into chklist_tts(idchk, tt, priority, f_big_amount, sqlval, f_in_charge)
    values (2, '050', 2, null, 'nvl(BRANCH_USR.GET_BRANCH_PARAM(''NOT2VISA''),0) = 0', null);
  exception
    when dup_val_on_index then null;
    when others then
      if ( sqlcode = -02291 ) then
        dbms_output.put_line('Не удалось добавить запись (chklist_tts: 2, ''050'', 2, null, ''nvl(BRANCH_USR.GET_BRANCH_PARAM(''''NOT2VISA''''),0) = 0'', null) - первичный ключ не найден!');
      else raise;
      end if;
  end;
  begin
    insert into chklist_tts(idchk, tt, priority, f_big_amount, sqlval, f_in_charge)
    values (5, '050', 1, null, null, null);
  exception
    when dup_val_on_index then null;
    when others then
      if ( sqlcode = -02291 ) then
        dbms_output.put_line('Не удалось добавить запись (chklist_tts: 5, ''050'', 1, null, null, null) - первичный ключ не найден!');
      else raise;
      end if;
  end;
  --------------------------------
  ------------- Папки ------------
  --------------------------------
  delete from folders_tts where tt='050';
  begin
    insert into folders_tts(idfo, tt)
    values (26, '050');
  exception
    when dup_val_on_index then null;
    when others then
      if ( sqlcode = -02291 ) then
        dbms_output.put_line('Не удалось добавить запись (folders_tts: 26, ''050'') - первичный ключ не найден!');
      else raise;
      end if;
  end;
end;
/
commit;
