set lines 1000
set trimspool on
set serveroutput on size 1000000

prompt Создание / Обновление операции !!3
prompt Наименование операции: :STOP ! МФОА=МФОБ
declare
  cnt_  number;
begin
  --------------------------------
  -- Основные свойства операции --
  --------------------------------
  begin
    insert into tts(tt, name, dk, nlsm, kv, nlsk, kvk, nlss, nlsa, nlsb, mfob, flc, fli, flv, flr, s, s2, sk, proc, s3800, rang, flags, nazn)
    values ('!!3', ':STOP ! МФОА=МФОБ', 1, null, null, null, null, null, null, null, null, 0, 0, 0, 0, 'F_STOP(3,#(MFOA),'''',#(MFOB))', null, null, null, null, null, '0000000000000000000000000000000000000000000000000000000000000000', null);
  exception
    when dup_val_on_index then 
      update tts
         set tt='!!3', name=':STOP ! МФОА=МФОБ', dk=1, nlsm=null, kv=null, nlsk=null, kvk=null, nlss=null, nlsa=null, nlsb=null, mfob=null, flc=0, fli=0, flv=0, flr=0, s='F_STOP(3,#(MFOA),'''',#(MFOB))', s2=null, sk=null, proc=null, s3800=null, rang=null, flags='0000000000000000000000000000000000000000000000000000000000000000', nazn=null
       where tt='!!3';
  end;
  --------------------------------
  ----------- Реквизиты ----------
  --------------------------------
  delete from op_rules where tt='!!3';
  --------------------------------
  ------ Связанные операции ------
  --------------------------------
  delete from ttsap where tt='!!3';
  --------------------------------
  ------- Балансовые счета -------
  --------------------------------
  delete from ps_tts where tt='!!3';
  --------------------------------
  -------- Виды документов -------
  --------------------------------
  delete from tts_vob where tt='!!3';
  --------------------------------
  -------- Группы контроля -------
  --------------------------------
  delete from chklist_tts where tt='!!3';
  --------------------------------
  ------------- Папки ------------
  --------------------------------
  delete from folders_tts where tt='!!3';
end;
/
prompt Создание / Обновление операции !50
prompt Наименование операции: !50 STOP-правило по ВАЛ только внутри ВПС
declare
  cnt_  number;
begin
  --------------------------------
  -- Основные свойства операции --
  --------------------------------
  begin
    insert into tts(tt, name, dk, nlsm, kv, nlsk, kvk, nlss, nlsa, nlsb, mfob, flc, fli, flv, flr, s, s2, sk, proc, s3800, rang, flags, nazn)
    values ('!50', '!50 STOP-правило по ВАЛ только внутри ВПС', 1, null, null, null, null, null, null, null, null, 0, 0, 0, 0, 'F_STOP(5,#(MFOB),#(MFOB),0)', null, null, null, null, null, '0100000000000000000000000000000000000000000000000000000000000000', null);
  exception
    when dup_val_on_index then 
      update tts
         set tt='!50', name='!50 STOP-правило по ВАЛ только внутри ВПС', dk=1, nlsm=null, kv=null, nlsk=null, kvk=null, nlss=null, nlsa=null, nlsb=null, mfob=null, flc=0, fli=0, flv=0, flr=0, s='F_STOP(5,#(MFOB),#(MFOB),0)', s2=null, sk=null, proc=null, s3800=null, rang=null, flags='0100000000000000000000000000000000000000000000000000000000000000', nazn=null
       where tt='!50';
  end;
  --------------------------------
  ----------- Реквизиты ----------
  --------------------------------
  delete from op_rules where tt='!50';
  --------------------------------
  ------ Связанные операции ------
  --------------------------------
  delete from ttsap where tt='!50';
  --------------------------------
  ------- Балансовые счета -------
  --------------------------------
  delete from ps_tts where tt='!50';
  --------------------------------
  -------- Виды документов -------
  --------------------------------
  delete from tts_vob where tt='!50';
  --------------------------------
  -------- Группы контроля -------
  --------------------------------
  delete from chklist_tts where tt='!50';
  --------------------------------
  ------------- Папки ------------
  --------------------------------
  delete from folders_tts where tt='!50';
end;
/
prompt Создание / Обновление операции HO4
prompt Наименование операции: d: Прийом готівки (СК=29)
declare
  cnt_  number;
begin
  --------------------------------
  -- Основные свойства операции --
  --------------------------------
  begin
    insert into tts(tt, name, dk, nlsm, kv, nlsk, kvk, nlss, nlsa, nlsb, mfob, flc, fli, flv, flr, s, s2, sk, proc, s3800, rang, flags, nazn)
    values ('HO4', 'd: Прийом готівки (СК=29)', 1, '#(BRANCH_USR.GET_BRANCH_PARAM2(''CASH'',0))', null, null, null, null, null, null, null, 0, 0, 1, 0, null, null, 29, null, null, null, '0000100001000000000001000000000000000100000000000000000000000000', null);
  exception
    when dup_val_on_index then 
      update tts
         set tt='HO4', name='d: Прийом готівки (СК=29)', dk=1, nlsm='#(BRANCH_USR.GET_BRANCH_PARAM2(''CASH'',0))', kv=null, nlsk=null, kvk=null, nlss=null, nlsa=null, nlsb=null, mfob=null, flc=0, fli=0, flv=1, flr=0, s=null, s2=null, sk=29, proc=null, s3800=null, rang=null, flags='0000100001000000000001000000000000000100000000000000000000000000', nazn=null
       where tt='HO4';
  end;
  --------------------------------
  ----------- Реквизиты ----------
  --------------------------------
  delete from op_rules where tt='HO4';
  --------------------------------
  ------ Связанные операции ------
  --------------------------------
  delete from ttsap where tt='HO4';
  --------------------------------
  ------- Балансовые счета -------
  --------------------------------
  delete from ps_tts where tt='HO4';
  --------------------------------
  -------- Виды документов -------
  --------------------------------
  delete from tts_vob where tt='HO4';
  --------------------------------
  -------- Группы контроля -------
  --------------------------------
  delete from chklist_tts where tt='HO4';
  --------------------------------
  ------------- Папки ------------
  --------------------------------
  delete from folders_tts where tt='HO4';
end;
/
prompt Создание / Обновление операции K48
prompt Наименование операции: K48 Комісія за поповнення ПК MasterCard в USD
declare
  cnt_  number;
begin
  --------------------------------
  -- Основные свойства операции --
  --------------------------------
  begin
    insert into tts(tt, name, dk, nlsm, kv, nlsk, kvk, nlss, nlsa, nlsb, mfob, flc, fli, flv, flr, s, s2, sk, proc, s3800, rang, flags, nazn)
    values ('K48', 'K48 Комісія за поповнення ПК MasterCard в USD', 0, '#(nbs_ob22 (''6110'',''19''))', 980, '#(BRANCH_USR.GET_BRANCH_PARAM2(''CASH'',0))', 980, null, '#(nbs_ob22 (''6110'',''19''))', '#(BRANCH_USR.GET_BRANCH_PARAM2(''CASH'',0))', null, 0, 0, 0, 0, 'GL.P_ICURVAL(#(KVA),F_TARIF(77,#(KVA),#(NLSA),#(S)),SYSDATE)', null, 5, null, null, null, '0100100001000000000000000000000000010000000000000000000000000000', 'Комісія за поповнення ПК MasterCard в USD');
  exception
    when dup_val_on_index then 
      update tts
         set tt='K48', name='K48 Комісія за поповнення ПК MasterCard в USD', dk=0, nlsm='#(nbs_ob22 (''6110'',''19''))', kv=980, nlsk='#(BRANCH_USR.GET_BRANCH_PARAM2(''CASH'',0))', kvk=980, nlss=null, nlsa='#(nbs_ob22 (''6110'',''19''))', nlsb='#(BRANCH_USR.GET_BRANCH_PARAM2(''CASH'',0))', mfob=null, flc=0, fli=0, flv=0, flr=0, s='GL.P_ICURVAL(#(KVA),F_TARIF(77,#(KVA),#(NLSA),#(S)),SYSDATE)', s2=null, sk=5, proc=null, s3800=null, rang=null, flags='0100100001000000000000000000000000010000000000000000000000000000', nazn='Комісія за поповнення ПК MasterCard в USD'
       where tt='K48';
  end;
  --------------------------------
  ----------- Реквизиты ----------
  --------------------------------
  delete from op_rules where tt='K48';
  begin
    insert into op_rules(TAG, TT, OPT, USED4INPUT, ORD, VAL, NOMODIFY)
    values ('ADRES', 'K48', 'O', 1, 5, null, null);
  exception
    when dup_val_on_index then null;
    when others then
      if ( sqlcode = -02291 ) then
        dbms_output.put_line('Не удалось добавить запись (op_rules: ''ADRES'', ''K48'', ''O'', 1, 5, null, null) - первичный ключ не найден!');
      else raise;
      end if;
  end;
  begin
    insert into op_rules(TAG, TT, OPT, USED4INPUT, ORD, VAL, NOMODIFY)
    values ('ATRT ', 'K48', 'O', 1, 4, null, null);
  exception
    when dup_val_on_index then null;
    when others then
      if ( sqlcode = -02291 ) then
        dbms_output.put_line('Не удалось добавить запись (op_rules: ''ATRT '', ''K48'', ''O'', 1, 4, null, null) - первичный ключ не найден!');
      else raise;
      end if;
  end;
  begin
    insert into op_rules(TAG, TT, OPT, USED4INPUT, ORD, VAL, NOMODIFY)
    values ('DT_R ', 'K48', 'O', 1, 6, null, null);
  exception
    when dup_val_on_index then null;
    when others then
      if ( sqlcode = -02291 ) then
        dbms_output.put_line('Не удалось добавить запись (op_rules: ''DT_R '', ''K48'', ''O'', 1, 6, null, null) - первичный ключ не найден!');
      else raise;
      end if;
  end;
  begin
    insert into op_rules(TAG, TT, OPT, USED4INPUT, ORD, VAL, NOMODIFY)
    values ('FIO  ', 'K48', 'O', 1, 1, null, null);
  exception
    when dup_val_on_index then null;
    when others then
      if ( sqlcode = -02291 ) then
        dbms_output.put_line('Не удалось добавить запись (op_rules: ''FIO  '', ''K48'', ''O'', 1, 1, null, null) - первичный ключ не найден!');
      else raise;
      end if;
  end;
  begin
    insert into op_rules(TAG, TT, OPT, USED4INPUT, ORD, VAL, NOMODIFY)
    values ('PASP ', 'K48', 'O', 1, 2, 'Паспорт', null);
  exception
    when dup_val_on_index then null;
    when others then
      if ( sqlcode = -02291 ) then
        dbms_output.put_line('Не удалось добавить запись (op_rules: ''PASP '', ''K48'', ''O'', 1, 2, ''Паспорт'', null) - первичный ключ не найден!');
      else raise;
      end if;
  end;
  begin
    insert into op_rules(TAG, TT, OPT, USED4INPUT, ORD, VAL, NOMODIFY)
    values ('PASPN', 'K48', 'O', 1, 3, null, null);
  exception
    when dup_val_on_index then null;
    when others then
      if ( sqlcode = -02291 ) then
        dbms_output.put_line('Не удалось добавить запись (op_rules: ''PASPN'', ''K48'', ''O'', 1, 3, null, null) - первичный ключ не найден!');
      else raise;
      end if;
  end;
  --------------------------------
  ------ Связанные операции ------
  --------------------------------
  delete from ttsap where tt='K48';
  --------------------------------
  ------- Балансовые счета -------
  --------------------------------
  delete from ps_tts where tt='K48';
  --------------------------------
  -------- Виды документов -------
  --------------------------------
  delete from tts_vob where tt='K48';
  --------------------------------
  -------- Группы контроля -------
  --------------------------------
  delete from chklist_tts where tt='K48';
  --------------------------------
  ------------- Папки ------------
  --------------------------------
  delete from folders_tts where tt='K48';
end;
/
prompt Создание / Обновление операции 048
prompt Наименование операции: 048-Поповнення картрахунку в USD в iншу установу ОБ (з комiсiєю)
declare
  cnt_  number;
begin
  --------------------------------
  -- Основные свойства операции --
  --------------------------------
  begin
    insert into tts(tt, name, dk, nlsm, kv, nlsk, kvk, nlss, nlsa, nlsb, mfob, flc, fli, flv, flr, s, s2, sk, proc, s3800, rang, flags, nazn)
    values ('048', '048-Поповнення картрахунку в USD в iншу установу ОБ (з комiсiєю)', 1, '#(nbs_ob22(''2909'',''35''))', 840, '#(get_proc_nls(''T00'',#(KVA)))', 840, null, '#(nbs_ob22(''2909'',''35''))', null, null, 1, 1, 0, 0, null, null, null, null, null, null, '1201100000000000000001000000000000110000000000000000000000000000', 'Поповнення ПК MasterCard в USD по системі ОБ (з комісією)');
  exception
    when dup_val_on_index then 
      update tts
         set tt='048', name='048-Поповнення картрахунку в USD в iншу установу ОБ (з комiсiєю)', dk=1, nlsm='#(nbs_ob22(''2909'',''35''))', kv=840, nlsk='#(get_proc_nls(''T00'',#(KVA)))', kvk=840, nlss=null, nlsa='#(nbs_ob22(''2909'',''35''))', nlsb=null, mfob=null, flc=1, fli=1, flv=0, flr=0, s=null, s2=null, sk=null, proc=null, s3800=null, rang=null, flags='1201100000000000000001000000000000110000000000000000000000000000', nazn='Поповнення ПК MasterCard в USD по системі ОБ (з комісією)'
       where tt='048';
  end;
  --------------------------------
  ----------- Реквизиты ----------
  --------------------------------
  delete from op_rules where tt='048';
  begin
    insert into op_rules(TAG, TT, OPT, USED4INPUT, ORD, VAL, NOMODIFY)
    values ('ADRES', '048', 'O', 1, 11, null, null);
  exception
    when dup_val_on_index then null;
    when others then
      if ( sqlcode = -02291 ) then
        dbms_output.put_line('Не удалось добавить запись (op_rules: ''ADRES'', ''048'', ''O'', 1, 11, null, null) - первичный ключ не найден!');
      else raise;
      end if;
  end;
  begin
    insert into op_rules(TAG, TT, OPT, USED4INPUT, ORD, VAL, NOMODIFY)
    values ('ATRT ', '048', 'O', 1, 10, null, null);
  exception
    when dup_val_on_index then null;
    when others then
      if ( sqlcode = -02291 ) then
        dbms_output.put_line('Не удалось добавить запись (op_rules: ''ATRT '', ''048'', ''O'', 1, 10, null, null) - первичный ключ не найден!');
      else raise;
      end if;
  end;
  begin
    insert into op_rules(TAG, TT, OPT, USED4INPUT, ORD, VAL, NOMODIFY)
    values ('BANKO', '048', 'M', 1, 6, null, null);
  exception
    when dup_val_on_index then null;
    when others then
      if ( sqlcode = -02291 ) then
        dbms_output.put_line('Не удалось добавить запись (op_rules: ''BANKO'', ''048'', ''M'', 1, 6, null, null) - первичный ключ не найден!');
      else raise;
      end if;
  end;
  begin
    insert into op_rules(TAG, TT, OPT, USED4INPUT, ORD, VAL, NOMODIFY)
    values ('D#73 ', '048', 'O', 1, 12, null, null);
  exception
    when dup_val_on_index then null;
    when others then
      if ( sqlcode = -02291 ) then
        dbms_output.put_line('Не удалось добавить запись (op_rules: ''D#73 '', ''048'', ''O'', 1, 12, null, null) - первичный ключ не найден!');
      else raise;
      end if;
  end;
  begin
    insert into op_rules(TAG, TT, OPT, USED4INPUT, ORD, VAL, NOMODIFY)
    values ('DT_R ', '048', 'O', 1, 12, null, null);
  exception
    when dup_val_on_index then null;
    when others then
      if ( sqlcode = -02291 ) then
        dbms_output.put_line('Не удалось добавить запись (op_rules: ''DT_R '', ''048'', ''O'', 1, 12, null, null) - первичный ключ не найден!');
      else raise;
      end if;
  end;
  begin
    insert into op_rules(TAG, TT, OPT, USED4INPUT, ORD, VAL, NOMODIFY)
    values ('FIO  ', '048', 'O', 1, 1, null, null);
  exception
    when dup_val_on_index then null;
    when others then
      if ( sqlcode = -02291 ) then
        dbms_output.put_line('Не удалось добавить запись (op_rules: ''FIO  '', ''048'', ''O'', 1, 1, null, null) - первичный ключ не найден!');
      else raise;
      end if;
  end;
  begin
    insert into op_rules(TAG, TT, OPT, USED4INPUT, ORD, VAL, NOMODIFY)
    values ('IDA  ', '048', 'O', 1, 7, null, null);
  exception
    when dup_val_on_index then null;
    when others then
      if ( sqlcode = -02291 ) then
        dbms_output.put_line('Не удалось добавить запись (op_rules: ''IDA  '', ''048'', ''O'', 1, 7, null, null) - первичный ключ не найден!');
      else raise;
      end if;
  end;
  begin
    insert into op_rules(TAG, TT, OPT, USED4INPUT, ORD, VAL, NOMODIFY)
    values ('MFOBO', '048', 'M', 1, 5, null, null);
  exception
    when dup_val_on_index then null;
    when others then
      if ( sqlcode = -02291 ) then
        dbms_output.put_line('Не удалось добавить запись (op_rules: ''MFOBO'', ''048'', ''M'', 1, 5, null, null) - первичный ключ не найден!');
      else raise;
      end if;
  end;
  begin
    insert into op_rules(TAG, TT, OPT, USED4INPUT, ORD, VAL, NOMODIFY)
    values ('NLSO ', '048', 'M', 1, 4, null, null);
  exception
    when dup_val_on_index then null;
    when others then
      if ( sqlcode = -02291 ) then
        dbms_output.put_line('Не удалось добавить запись (op_rules: ''NLSO '', ''048'', ''M'', 1, 4, null, null) - первичный ключ не найден!');
      else raise;
      end if;
  end;
  begin
    insert into op_rules(TAG, TT, OPT, USED4INPUT, ORD, VAL, NOMODIFY)
    values ('OOKPO', '048', 'M', 1, 3, null, null);
  exception
    when dup_val_on_index then null;
    when others then
      if ( sqlcode = -02291 ) then
        dbms_output.put_line('Не удалось добавить запись (op_rules: ''OOKPO'', ''048'', ''M'', 1, 3, null, null) - первичный ключ не найден!');
      else raise;
      end if;
  end;
  begin
    insert into op_rules(TAG, TT, OPT, USED4INPUT, ORD, VAL, NOMODIFY)
    values ('OTRIM', '048', 'M', 1, 2, null, null);
  exception
    when dup_val_on_index then null;
    when others then
      if ( sqlcode = -02291 ) then
        dbms_output.put_line('Не удалось добавить запись (op_rules: ''OTRIM'', ''048'', ''M'', 1, 2, null, null) - первичный ключ не найден!');
      else raise;
      end if;
  end;
  begin
    insert into op_rules(TAG, TT, OPT, USED4INPUT, ORD, VAL, NOMODIFY)
    values ('PASP ', '048', 'O', 1, 8, null, null);
  exception
    when dup_val_on_index then null;
    when others then
      if ( sqlcode = -02291 ) then
        dbms_output.put_line('Не удалось добавить запись (op_rules: ''PASP '', ''048'', ''O'', 1, 8, null, null) - первичный ключ не найден!');
      else raise;
      end if;
  end;
  begin
    insert into op_rules(TAG, TT, OPT, USED4INPUT, ORD, VAL, NOMODIFY)
    values ('PASPN', '048', 'O', 1, 9, null, null);
  exception
    when dup_val_on_index then null;
    when others then
      if ( sqlcode = -02291 ) then
        dbms_output.put_line('Не удалось добавить запись (op_rules: ''PASPN'', ''048'', ''O'', 1, 9, null, null) - первичный ключ не найден!');
      else raise;
      end if;
  end;
  begin
    insert into op_rules(TAG, TT, OPT, USED4INPUT, ORD, VAL, NOMODIFY)
    values ('П    ', '048', 'O', 1, 16, null, null);
  exception
    when dup_val_on_index then null;
    when others then
      if ( sqlcode = -02291 ) then
        dbms_output.put_line('Не удалось добавить запись (op_rules: ''П    '', ''048'', ''O'', 1, 16, null, null) - первичный ключ не найден!');
      else raise;
      end if;
  end;
  --------------------------------
  ------ Связанные операции ------
  --------------------------------
  delete from ttsap where tt='048';
  begin
    insert into ttsap(ttap, tt, dk)
    values ('!!3', '048', 0);
  exception
    when dup_val_on_index then null;
    when others then
      if ( sqlcode = -02291 ) then
        dbms_output.put_line('Не удалось добавить запись (ttsap: ''!!3'', ''048'', 0) - первичный ключ не найден!');
      else raise;
      end if;
  end;
  begin
    insert into ttsap(ttap, tt, dk)
    values ('!50', '048', 0);
  exception
    when dup_val_on_index then null;
    when others then
      if ( sqlcode = -02291 ) then
        dbms_output.put_line('Не удалось добавить запись (ttsap: ''!50'', ''048'', 0) - первичный ключ не найден!');
      else raise;
      end if;
  end;
  begin
    insert into ttsap(ttap, tt, dk)
    values ('HO4', '048', 0);
  exception
    when dup_val_on_index then null;
    when others then
      if ( sqlcode = -02291 ) then
        dbms_output.put_line('Не удалось добавить запись (ttsap: ''HO4'', ''048'', 0) - первичный ключ не найден!');
      else raise;
      end if;
  end;
  begin
    insert into ttsap(ttap, tt, dk)
    values ('K48', '048', 1);
  exception
    when dup_val_on_index then null;
    when others then
      if ( sqlcode = -02291 ) then
        dbms_output.put_line('Не удалось добавить запись (ttsap: ''K48'', ''048'', 1) - первичный ключ не найден!');
      else raise;
      end if;
  end;
  --------------------------------
  ------- Балансовые счета -------
  --------------------------------
  delete from ps_tts where tt='048';
  begin
    insert into ps_tts(nbs, tt, dk)
    values ('2909', '048', 0);
  exception
    when dup_val_on_index then null;
    when others then
      if ( sqlcode = -02291 ) then
        dbms_output.put_line('Не удалось добавить запись (ps_tts: ''2909'', ''048'', 0) - первичный ключ не найден!');
      else raise;
      end if;
  end;
  --------------------------------
  -------- Виды документов -------
  --------------------------------
  delete from tts_vob where tt='048';
  begin
    insert into tts_vob(vob, tt, ord)
    values (154, '048', null);
  exception
    when dup_val_on_index then null;
    when others then
      if ( sqlcode = -02291 ) then
        dbms_output.put_line('Не удалось добавить запись (tts_vob: 154, ''048'', null) - первичный ключ не найден!');
      else raise;
      end if;
  end;
  --------------------------------
  -------- Группы контроля -------
  --------------------------------
  delete from chklist_tts where tt='048';
  begin
    insert into chklist_tts(idchk, tt, priority, f_big_amount, sqlval, f_in_charge)
    values (1, '048', 2, null, 'branch_edit.get_branch_parameter_ex(branch, ''NOT2VISA'', ''0'') = ''0''', null);
  exception
    when dup_val_on_index then null;
    when others then
      if ( sqlcode = -02291 ) then
        dbms_output.put_line('Не удалось добавить запись (chklist_tts: 1, ''048'', 2, null, ''branch_edit.get_branch_parameter_ex(branch, ''''NOT2VISA'''', ''''0'''') = ''''0'''''', null) - первичный ключ не найден!');
      else raise;
      end if;
  end;
  begin
    insert into chklist_tts(idchk, tt, priority, f_big_amount, sqlval, f_in_charge)
    values (2, '048', 3, null, 'branch_edit.get_branch_parameter_ex(branch, ''NOT2VISA'', ''0'') = ''0''', null);
  exception
    when dup_val_on_index then null;
    when others then
      if ( sqlcode = -02291 ) then
        dbms_output.put_line('Не удалось добавить запись (chklist_tts: 2, ''048'', 3, null, ''branch_edit.get_branch_parameter_ex(branch, ''''NOT2VISA'''', ''''0'''') = ''''0'''''', null) - первичный ключ не найден!');
      else raise;
      end if;
  end;
  begin
    insert into chklist_tts(idchk, tt, priority, f_big_amount, sqlval, f_in_charge)
    values (5, '048', 1, null, null, null);
  exception
    when dup_val_on_index then null;
    when others then
      if ( sqlcode = -02291 ) then
        dbms_output.put_line('Не удалось добавить запись (chklist_tts: 5, ''048'', 1, null, null, null) - первичный ключ не найден!');
      else raise;
      end if;
  end;
  --------------------------------
  ------------- Папки ------------
  --------------------------------
  delete from folders_tts where tt='048';
  begin
    insert into folders_tts(idfo, tt)
    values (27, '048');
  exception
    when dup_val_on_index then null;
    when others then
      if ( sqlcode = -02291 ) then
        dbms_output.put_line('Не удалось добавить запись (folders_tts: 27, ''048'') - первичный ключ не найден!');
      else raise;
      end if;
  end;
end;
/
commit;
