set lines 1000
set trimspool on
set serveroutput on size 1000000

prompt Создание / Обновление операции !DK
prompt Наименование операции: !DK Заповнення дод.реквізитів
declare
  cnt_  number;
begin
  --------------------------------
  -- Основные свойства операции --
  --------------------------------
  begin
    insert into tts(tt, name, dk, nlsm, kv, nlsk, kvk, nlss, nlsa, nlsb, mfob, flc, fli, flv, flr, s, s2, sk, proc, s3800, rang, flags, nazn)
    values ('!DK', '!DK Заповнення дод.реквізитів', 1, null, null, null, null, null, null, null, null, 0, 0, 0, 0, 'f_check_tag(#(REF),''REZID'')', 'f_check_tag(#(REF),''EXCFL'')', null, null, null, null, '0100000000000000000000000000000000000000000000000000000000000000', null);
  exception
    when dup_val_on_index then 
      update tts
         set tt='!DK', name='!DK Заповнення дод.реквізитів', dk=1, nlsm=null, kv=null, nlsk=null, kvk=null, nlss=null, nlsa=null, nlsb=null, mfob=null, flc=0, fli=0, flv=0, flr=0, s='f_check_tag(#(REF),''REZID'')', s2='f_check_tag(#(REF),''EXCFL'')', sk=null, proc=null, s3800=null, rang=null, flags='0100000000000000000000000000000000000000000000000000000000000000', nazn=null
       where tt='!DK';
  end;
  --------------------------------
  ----------- Реквизиты ----------
  --------------------------------
  delete from op_rules where tt='!DK';
  --------------------------------
  ------ Связанные операции ------
  --------------------------------
  delete from ttsap where tt='!DK';
  --------------------------------
  ------- Балансовые счета -------
  --------------------------------
  delete from ps_tts where tt='!DK';
  --------------------------------
  -------- Виды документов -------
  --------------------------------
  delete from tts_vob where tt='!DK';
  --------------------------------
  -------- Группы контроля -------
  --------------------------------
  delete from chklist_tts where tt='!DK';
  --------------------------------
  ------------- Папки ------------
  --------------------------------
  delete from folders_tts where tt='!DK';
end;
/
prompt Создание / Обновление операции KD1
prompt Наименование операции: KD1 Комісія за ВИДАТОК каси одноч.
declare
  cnt_  number;
begin
  --------------------------------
  -- Основные свойства операции --
  --------------------------------
  begin
    insert into tts(tt, name, dk, nlsm, kv, nlsk, kvk, nlss, nlsa, nlsb, mfob, flc, fli, flv, flr, s, s2, sk, proc, s3800, rang, flags, nazn)
    values ('KD1', 'KD1 Комісія за ВИДАТОК каси одноч.', 1, '#(tobopack.GetToboCASH)', 980, '#(nbs_ob22 (''6510'',''96''))', 980, null, '#(tobopack.GetToboCASH)', '#(nbs_ob22 (''6510'',''96''))', null, 0, 0, 0, 0, 'EQV_OBS ( #(KVA),F_TARIF(20, #(KVA),#(NLSA), #(S)),SYSDATE)', null, 5, null, null, null, '0000100000000000000000000000000000000100000000000000000000000000', null);
  exception
    when dup_val_on_index then 
      update tts
         set tt='KD1', name='KD1 Комісія за ВИДАТОК каси одноч.', dk=1, nlsm='#(tobopack.GetToboCASH)', kv=980, nlsk='#(nbs_ob22 (''6510'',''96''))', kvk=980, nlss=null, nlsa='#(tobopack.GetToboCASH)', nlsb='#(nbs_ob22 (''6510'',''96''))', mfob=null, flc=0, fli=0, flv=0, flr=0, s='EQV_OBS ( #(KVA),F_TARIF(20, #(KVA),#(NLSA), #(S)),SYSDATE)', s2=null, sk=5, proc=null, s3800=null, rang=null, flags='0000100000000000000000000000000000000100000000000000000000000000', nazn=null
       where tt='KD1';
  end;
  --------------------------------
  ----------- Реквизиты ----------
  --------------------------------
  delete from op_rules where tt='KD1';
  begin
    insert into op_rules(TAG, TT, OPT, USED4INPUT, ORD, VAL, NOMODIFY)
    values ('SK   ', 'KD1', 'M', 0, null, '32', null);
  exception
    when dup_val_on_index then null;
    when others then
      if ( sqlcode = -02291 ) then
        dbms_output.put_line('Не удалось добавить запись (op_rules: ''SK   '', ''KD1'', ''M'', 0, null, ''32'', null) - первичный ключ не найден!');
      else raise;
      end if;
  end;
  --------------------------------
  ------ Связанные операции ------
  --------------------------------
  delete from ttsap where tt='KD1';
  --------------------------------
  ------- Балансовые счета -------
  --------------------------------
  delete from ps_tts where tt='KD1';
  --------------------------------
  -------- Виды документов -------
  --------------------------------
  delete from tts_vob where tt='KD1';
  begin
    insert into tts_vob(vob, tt, ord)
    values (111, 'KD1', null);
  exception
    when dup_val_on_index then null;
    when others then
      if ( sqlcode = -02291 ) then
        dbms_output.put_line('Не удалось добавить запись (tts_vob: 111, ''KD1'', null) - первичный ключ не найден!');
      else raise;
      end if;
  end;
  --------------------------------
  -------- Группы контроля -------
  --------------------------------
  delete from chklist_tts where tt='KD1';
  --------------------------------
  ------------- Папки ------------
  --------------------------------
  delete from folders_tts where tt='KD1';
  begin
    insert into folders_tts(idfo, tt)
    values (2, 'KD1');
  exception
    when dup_val_on_index then null;
    when others then
      if ( sqlcode = -02291 ) then
        dbms_output.put_line('Не удалось добавить запись (folders_tts: 2, ''KD1'') - первичный ключ не найден!');
      else raise;
      end if;
  end;
end;
/
prompt Создание / Обновление операции DPV
prompt Наименование операции: DPV Повернення суми вкладу готiвкою в ІВ(+ ком. за видачу готiвки)
declare
  cnt_  number;
begin
  --------------------------------
  -- Основные свойства операции --
  --------------------------------
  begin
    insert into tts(tt, name, dk, nlsm, kv, nlsk, kvk, nlss, nlsa, nlsb, mfob, flc, fli, flv, flr, s, s2, sk, proc, s3800, rang, flags, nazn)
    values ('DPV', 'DPV Повернення суми вкладу готiвкою в ІВ(+ ком. за видачу готiвки)', 1, null, null, null, null, null, null, '#(tobopack.GetToboCASH)', null, 1, 0, 0, 0, null, null, 55, null, null, 0, '0000100001000000000000000000000000010000000000000000000000000000', 'Повернення коштів згідно договору #{DPT_WEB.F_NAZN(''U'',#(ND))}');
  exception
    when dup_val_on_index then 
      update tts
         set tt='DPV', name='DPV Повернення суми вкладу готiвкою в ІВ(+ ком. за видачу готiвки)', dk=1, nlsm=null, kv=null, nlsk=null, kvk=null, nlss=null, nlsa=null, nlsb='#(tobopack.GetToboCASH)', mfob=null, flc=1, fli=0, flv=0, flr=0, s=null, s2=null, sk=55, proc=null, s3800=null, rang=0, flags='0000100001000000000000000000000000010000000000000000000000000000', nazn='Повернення коштів згідно договору #{DPT_WEB.F_NAZN(''U'',#(ND))}'
       where tt='DPV';
  end;
  --------------------------------
  ----------- Реквизиты ----------
  --------------------------------
  delete from op_rules where tt='DPV';
  begin
    insert into op_rules(TAG, TT, OPT, USED4INPUT, ORD, VAL, NOMODIFY)
    values ('ADRES', 'DPV', 'M', 1, 6, null, null);
  exception
    when dup_val_on_index then null;
    when others then
      if ( sqlcode = -02291 ) then
        dbms_output.put_line('Не удалось добавить запись (op_rules: ''ADRES'', ''DPV'', ''M'', 1, 6, null, null) - первичный ключ не найден!');
      else raise;
      end if;
  end;
  begin
    insert into op_rules(TAG, TT, OPT, USED4INPUT, ORD, VAL, NOMODIFY)
    values ('ATRT ', 'DPV', 'M', 1, 4, null, null);
  exception
    when dup_val_on_index then null;
    when others then
      if ( sqlcode = -02291 ) then
        dbms_output.put_line('Не удалось добавить запись (op_rules: ''ATRT '', ''DPV'', ''M'', 1, 4, null, null) - первичный ключ не найден!');
      else raise;
      end if;
  end;
  begin
    insert into op_rules(TAG, TT, OPT, USED4INPUT, ORD, VAL, NOMODIFY)
    values ('D#73 ', 'DPV', 'M', 1, 8, '21', null);
  exception
    when dup_val_on_index then null;
    when others then
      if ( sqlcode = -02291 ) then
        dbms_output.put_line('Не удалось добавить запись (op_rules: ''D#73 '', ''DPV'', ''M'', 1, 8, ''21'', null) - первичный ключ не найден!');
      else raise;
      end if;
  end;
  begin
    insert into op_rules(TAG, TT, OPT, USED4INPUT, ORD, VAL, NOMODIFY)
    values ('DPTOP', 'DPV', 'O', 0, 9, '21', null);
  exception
    when dup_val_on_index then null;
    when others then
      if ( sqlcode = -02291 ) then
        dbms_output.put_line('Не удалось добавить запись (op_rules: ''DPTOP'', ''DPV'', ''O'', 0, 9, ''21'', null) - первичный ключ не найден!');
      else raise;
      end if;
  end;
  begin
    insert into op_rules(TAG, TT, OPT, USED4INPUT, ORD, VAL, NOMODIFY)
    values ('DT_R ', 'DPV', 'M', 1, 7, null, null);
  exception
    when dup_val_on_index then null;
    when others then
      if ( sqlcode = -02291 ) then
        dbms_output.put_line('Не удалось добавить запись (op_rules: ''DT_R '', ''DPV'', ''M'', 1, 7, null, null) - первичный ключ не найден!');
      else raise;
      end if;
  end;
  begin
    insert into op_rules(TAG, TT, OPT, USED4INPUT, ORD, VAL, NOMODIFY)
    values ('EXCFL', 'DPV', 'O', 1, 11, '0', null);
  exception
    when dup_val_on_index then null;
    when others then
      if ( sqlcode = -02291 ) then
        dbms_output.put_line('Не удалось добавить запись (op_rules: ''EXCFL'', ''DPV'', ''O'', 1, 11, ''0'', null) - первичный ключ не найден!');
      else raise;
      end if;
  end;
  begin
    insert into op_rules(TAG, TT, OPT, USED4INPUT, ORD, VAL, NOMODIFY)
    values ('EXCTX', 'DPV', 'O', 1, 12, null, null);
  exception
    when dup_val_on_index then null;
    when others then
      if ( sqlcode = -02291 ) then
        dbms_output.put_line('Не удалось добавить запись (op_rules: ''EXCTX'', ''DPV'', ''O'', 1, 12, null, null) - первичный ключ не найден!');
      else raise;
      end if;
  end;
  begin
    insert into op_rules(TAG, TT, OPT, USED4INPUT, ORD, VAL, NOMODIFY)
    values ('FIO  ', 'DPV', 'M', 1, 1, null, null);
  exception
    when dup_val_on_index then null;
    when others then
      if ( sqlcode = -02291 ) then
        dbms_output.put_line('Не удалось добавить запись (op_rules: ''FIO  '', ''DPV'', ''M'', 1, 1, null, null) - первичный ключ не найден!');
      else raise;
      end if;
  end;
  begin
    insert into op_rules(TAG, TT, OPT, USED4INPUT, ORD, VAL, NOMODIFY)
    values ('HERIT', 'DPV', 'O', 0, 10, null, null);
  exception
    when dup_val_on_index then null;
    when others then
      if ( sqlcode = -02291 ) then
        dbms_output.put_line('Не удалось добавить запись (op_rules: ''HERIT'', ''DPV'', ''O'', 0, 10, null, null) - первичный ключ не найден!');
      else raise;
      end if;
  end;
  begin
    insert into op_rules(TAG, TT, OPT, USED4INPUT, ORD, VAL, NOMODIFY)
    values ('KOD_B', 'DPV', 'O', 1, null, '6', null);
  exception
    when dup_val_on_index then null;
    when others then
      if ( sqlcode = -02291 ) then
        dbms_output.put_line('Не удалось добавить запись (op_rules: ''KOD_B'', ''DPV'', ''O'', 1, null, ''6'', null) - первичный ключ не найден!');
      else raise;
      end if;
  end;
  begin
    insert into op_rules(TAG, TT, OPT, USED4INPUT, ORD, VAL, NOMODIFY)
    values ('KOD_G', 'DPV', 'O', 1, null, '804', null);
  exception
    when dup_val_on_index then null;
    when others then
      if ( sqlcode = -02291 ) then
        dbms_output.put_line('Не удалось добавить запись (op_rules: ''KOD_G'', ''DPV'', ''O'', 1, null, ''804'', null) - первичный ключ не найден!');
      else raise;
      end if;
  end;
  begin
    insert into op_rules(TAG, TT, OPT, USED4INPUT, ORD, VAL, NOMODIFY)
    values ('KOD_N', 'DPV', 'O', 1, null, '8446002', null);
  exception
    when dup_val_on_index then null;
    when others then
      if ( sqlcode = -02291 ) then
        dbms_output.put_line('Не удалось добавить запись (op_rules: ''KOD_N'', ''DPV'', ''O'', 1, null, ''8446002'', null) - первичный ключ не найден!');
      else raise;
      end if;
  end;
  begin
    insert into op_rules(TAG, TT, OPT, USED4INPUT, ORD, VAL, NOMODIFY)
    values ('PASP ', 'DPV', 'M', 1, 2, null, null);
  exception
    when dup_val_on_index then null;
    when others then
      if ( sqlcode = -02291 ) then
        dbms_output.put_line('Не удалось добавить запись (op_rules: ''PASP '', ''DPV'', ''M'', 1, 2, null, null) - первичный ключ не найден!');
      else raise;
      end if;
  end;
  begin
    insert into op_rules(TAG, TT, OPT, USED4INPUT, ORD, VAL, NOMODIFY)
    values ('PASPN', 'DPV', 'M', 1, 3, null, null);
  exception
    when dup_val_on_index then null;
    when others then
      if ( sqlcode = -02291 ) then
        dbms_output.put_line('Не удалось добавить запись (op_rules: ''PASPN'', ''DPV'', ''M'', 1, 3, null, null) - первичный ключ не найден!');
      else raise;
      end if;
  end;
  begin
    insert into op_rules(TAG, TT, OPT, USED4INPUT, ORD, VAL, NOMODIFY)
    values ('POKPO', 'DPV', 'M', 1, 5, null, null);
  exception
    when dup_val_on_index then null;
    when others then
      if ( sqlcode = -02291 ) then
        dbms_output.put_line('Не удалось добавить запись (op_rules: ''POKPO'', ''DPV'', ''M'', 1, 5, null, null) - первичный ключ не найден!');
      else raise;
      end if;
  end;
  begin
    insert into op_rules(TAG, TT, OPT, USED4INPUT, ORD, VAL, NOMODIFY)
    values ('REZID', 'DPV', 'M', 1, 8, null, null);
  exception
    when dup_val_on_index then null;
    when others then
      if ( sqlcode = -02291 ) then
        dbms_output.put_line('Не удалось добавить запись (op_rules: ''REZID'', ''DPV'', ''M'', 1, 8, null, null) - первичный ключ не найден!');
      else raise;
      end if;
  end;
  begin
    insert into op_rules(TAG, TT, OPT, USED4INPUT, ORD, VAL, NOMODIFY)
    values ('TTOF1', 'DPV', 'O', 0, null, 'KBM', null);
  exception
    when dup_val_on_index then null;
    when others then
      if ( sqlcode = -02291 ) then
        dbms_output.put_line('Не удалось добавить запись (op_rules: ''TTOF1'', ''DPV'', ''O'', 0, null, ''KBM'', null) - первичный ключ не найден!');
      else raise;
      end if;
  end;
  --------------------------------
  ------ Связанные операции ------
  --------------------------------
  delete from ttsap where tt='DPV';
  begin
    insert into ttsap(ttap, tt, dk)
    values ('!DK', 'DPV', 0);
  exception
    when dup_val_on_index then null;
    when others then
      if ( sqlcode = -02291 ) then
        dbms_output.put_line('Не удалось добавить запись (ttsap: ''!DK'', ''DPV'', 0) - первичный ключ не найден!');
      else raise;
      end if;
  end;
  begin
    insert into ttsap(ttap, tt, dk)
    values ('KD1', 'DPV', 0);
  exception
    when dup_val_on_index then null;
    when others then
      if ( sqlcode = -02291 ) then
        dbms_output.put_line('Не удалось добавить запись (ttsap: ''KD1'', ''DPV'', 0) - первичный ключ не найден!');
      else raise;
      end if;
  end;
  --------------------------------
  ------- Балансовые счета -------
  --------------------------------
  delete from ps_tts where tt='DPV';
  --------------------------------
  -------- Виды документов -------
  --------------------------------
  delete from tts_vob where tt='DPV';
  begin
    insert into tts_vob(vob, tt, ord)
    values (115, 'DPV', null);
  exception
    when dup_val_on_index then null;
    when others then
      if ( sqlcode = -02291 ) then
        dbms_output.put_line('Не удалось добавить запись (tts_vob: 115, ''DPV'', null) - первичный ключ не найден!');
      else raise;
      end if;
  end;
  --------------------------------
  -------- Группы контроля -------
  --------------------------------
  delete from chklist_tts where tt='DPV';
  begin
    insert into chklist_tts(idchk, tt, priority, f_big_amount, sqlval, f_in_charge)
    values (1, 'DPV', 3, null, 'branch_edit.get_branch_parameter_ex(branch, ''NOT2VISA'', ''0'') = ''0''', null);
  exception
    when dup_val_on_index then null;
    when others then
      if ( sqlcode = -02291 ) then
        dbms_output.put_line('Не удалось добавить запись (chklist_tts: 1, ''DPV'', 3, null, ''branch_edit.get_branch_parameter_ex(branch, ''''NOT2VISA'''', ''''0'''') = ''''0'''''', null) - первичный ключ не найден!');
      else raise;
      end if;
  end;
  begin
    insert into chklist_tts(idchk, tt, priority, f_big_amount, sqlval, f_in_charge)
    values (5, 'DPV', 1, null, null, null);
  exception
    when dup_val_on_index then null;
    when others then
      if ( sqlcode = -02291 ) then
        dbms_output.put_line('Не удалось добавить запись (chklist_tts: 5, ''DPV'', 1, null, null, null) - первичный ключ не найден!');
      else raise;
      end if;
  end;
  --------------------------------
  ------------- Папки ------------
  --------------------------------
  delete from folders_tts where tt='DPV';
  begin
    insert into folders_tts(idfo, tt)
    values (1, 'DPV');
  exception
    when dup_val_on_index then null;
    when others then
      if ( sqlcode = -02291 ) then
        dbms_output.put_line('Не удалось добавить запись (folders_tts: 1, ''DPV'') - первичный ключ не найден!');
      else raise;
      end if;
  end;
end;
/
commit;
