set lines 1000
set trimspool on
set serveroutput on size 1000000

prompt Создание / Обновление операции TCP
prompt Наименование операции: TCP Оприбуткування в сховище цінностей інкасованої готівки
declare
  cnt_  number;
begin
  --------------------------------
  -- Основные свойства операции --
  --------------------------------
  begin
    insert into tts(tt, name, dk, nlsm, kv, nlsk, kvk, nlss, nlsa, nlsb, mfob, flc, fli, flv, flr, s, s2, sk, proc, s3800, rang, flags, nazn)
    values ('TCP', 'TCP Оприбуткування в сховище цінностей інкасованої готівки', 0, '#(BRANCH_USR.GET_BRANCH_PARAM2(''CASHS'',0))', null, '#(BRANCH_USR.GET_BRANCH_PARAM2(''CASH5'',0))', null, null, '#(BRANCH_USR.GET_BRANCH_PARAM2(''CASHS'',0))', '#(BRANCH_USR.GET_BRANCH_PARAM2(''CASH5'',0))', null, 0, 0, 0, 0, null, null, 2, null, null, null, '0000100001000000000000000000000000010000000000000000000000000000', 'Оприбуткування в сховище цінностей інкасованої готівки');
  exception
    when dup_val_on_index then 
      update tts
         set tt='TCP', name='TCP Оприбуткування в сховище цінностей інкасованої готівки', dk=0, nlsm='#(BRANCH_USR.GET_BRANCH_PARAM2(''CASHS'',0))', kv=null, nlsk='#(BRANCH_USR.GET_BRANCH_PARAM2(''CASH5'',0))', kvk=null, nlss=null, nlsa='#(BRANCH_USR.GET_BRANCH_PARAM2(''CASHS'',0))', nlsb='#(BRANCH_USR.GET_BRANCH_PARAM2(''CASH5'',0))', mfob=null, flc=0, fli=0, flv=0, flr=0, s=null, s2=null, sk=2, proc=null, s3800=null, rang=null, flags='0000100001000000000000000000000000010000000000000000000000000000', nazn='Оприбуткування в сховище цінностей інкасованої готівки'
       where tt='TCP';
  end;
  --------------------------------
  ----------- Реквизиты ----------
  --------------------------------
  delete from op_rules where tt='TCP';
  begin
    insert into op_rules(TAG, TT, OPT, USED4INPUT, ORD, VAL, NOMODIFY)
    values ('ADRES', 'TCP', 'O', 1, 9, null, null);
  exception
    when dup_val_on_index then null;
    when others then
      if ( sqlcode = -02291 ) then
        dbms_output.put_line('Не удалось добавить запись (op_rules: ''ADRES'', ''TCP'', ''O'', 1, 9, null, null) - первичный ключ не найден!');
      else raise;
      end if;
  end;
  begin
    insert into op_rules(TAG, TT, OPT, USED4INPUT, ORD, VAL, NOMODIFY)
    values ('ATRT ', 'TCP', 'O', 1, 7, null, null);
  exception
    when dup_val_on_index then null;
    when others then
      if ( sqlcode = -02291 ) then
        dbms_output.put_line('Не удалось добавить запись (op_rules: ''ATRT '', ''TCP'', ''O'', 1, 7, null, null) - первичный ключ не найден!');
      else raise;
      end if;
  end;
  begin
    insert into op_rules(TAG, TT, OPT, USED4INPUT, ORD, VAL, NOMODIFY)
    values ('D#73 ', 'TCP', 'O', 0, 13, '270', null);
  exception
    when dup_val_on_index then null;
    when others then
      if ( sqlcode = -02291 ) then
        dbms_output.put_line('Не удалось добавить запись (op_rules: ''D#73 '', ''TCP'', ''O'', 0, 13, ''270'', null) - первичный ключ не найден!');
      else raise;
      end if;
  end;
  begin
    insert into op_rules(TAG, TT, OPT, USED4INPUT, ORD, VAL, NOMODIFY)
    values ('DT_R ', 'TCP', 'O', 1, 8, null, null);
  exception
    when dup_val_on_index then null;
    when others then
      if ( sqlcode = -02291 ) then
        dbms_output.put_line('Не удалось добавить запись (op_rules: ''DT_R '', ''TCP'', ''O'', 1, 8, null, null) - первичный ключ не найден!');
      else raise;
      end if;
  end;
  begin
    insert into op_rules(TAG, TT, OPT, USED4INPUT, ORD, VAL, NOMODIFY)
    values ('FIO  ', 'TCP', 'O', 1, 4, null, null);
  exception
    when dup_val_on_index then null;
    when others then
      if ( sqlcode = -02291 ) then
        dbms_output.put_line('Не удалось добавить запись (op_rules: ''FIO  '', ''TCP'', ''O'', 1, 4, null, null) - первичный ключ не найден!');
      else raise;
      end if;
  end;
  begin
    insert into op_rules(TAG, TT, OPT, USED4INPUT, ORD, VAL, NOMODIFY)
    values ('INK_M', 'TCP', 'M', 1, 1, null, null);
  exception
    when dup_val_on_index then null;
    when others then
      if ( sqlcode = -02291 ) then
        dbms_output.put_line('Не удалось добавить запись (op_rules: ''INK_M'', ''TCP'', ''M'', 1, 1, null, null) - первичный ключ не найден!');
      else raise;
      end if;
  end;
  begin
    insert into op_rules(TAG, TT, OPT, USED4INPUT, ORD, VAL, NOMODIFY)
    values ('INK_N', 'TCP', 'M', 1, 2, null, null);
  exception
    when dup_val_on_index then null;
    when others then
      if ( sqlcode = -02291 ) then
        dbms_output.put_line('Не удалось добавить запись (op_rules: ''INK_N'', ''TCP'', ''M'', 1, 2, null, null) - первичный ключ не найден!');
      else raise;
      end if;
  end;
  begin
    insert into op_rules(TAG, TT, OPT, USED4INPUT, ORD, VAL, NOMODIFY)
    values ('INK_S', 'TCP', 'M', 1, 3, null, null);
  exception
    when dup_val_on_index then null;
    when others then
      if ( sqlcode = -02291 ) then
        dbms_output.put_line('Не удалось добавить запись (op_rules: ''INK_S'', ''TCP'', ''M'', 1, 3, null, null) - первичный ключ не найден!');
      else raise;
      end if;
  end;
  begin
    insert into op_rules(TAG, TT, OPT, USED4INPUT, ORD, VAL, NOMODIFY)
    values ('KOD_B', 'TCP', 'O', 1, 10, '6', null);
  exception
    when dup_val_on_index then null;
    when others then
      if ( sqlcode = -02291 ) then
        dbms_output.put_line('Не удалось добавить запись (op_rules: ''KOD_B'', ''TCP'', ''O'', 1, 10, ''6'', null) - первичный ключ не найден!');
      else raise;
      end if;
  end;
  begin
    insert into op_rules(TAG, TT, OPT, USED4INPUT, ORD, VAL, NOMODIFY)
    values ('KOD_G', 'TCP', 'O', 1, 11, '804', null);
  exception
    when dup_val_on_index then null;
    when others then
      if ( sqlcode = -02291 ) then
        dbms_output.put_line('Не удалось добавить запись (op_rules: ''KOD_G'', ''TCP'', ''O'', 1, 11, ''804'', null) - первичный ключ не найден!');
      else raise;
      end if;
  end;
  begin
    insert into op_rules(TAG, TT, OPT, USED4INPUT, ORD, VAL, NOMODIFY)
    values ('KOD_N', 'TCP', 'O', 1, 12, '8446010', null);
  exception
    when dup_val_on_index then null;
    when others then
      if ( sqlcode = -02291 ) then
        dbms_output.put_line('Не удалось добавить запись (op_rules: ''KOD_N'', ''TCP'', ''O'', 1, 12, ''8446010'', null) - первичный ключ не найден!');
      else raise;
      end if;
  end;
  begin
    insert into op_rules(TAG, TT, OPT, USED4INPUT, ORD, VAL, NOMODIFY)
    values ('PASP ', 'TCP', 'O', 1, 5, null, null);
  exception
    when dup_val_on_index then null;
    when others then
      if ( sqlcode = -02291 ) then
        dbms_output.put_line('Не удалось добавить запись (op_rules: ''PASP '', ''TCP'', ''O'', 1, 5, null, null) - первичный ключ не найден!');
      else raise;
      end if;
  end;
  begin
    insert into op_rules(TAG, TT, OPT, USED4INPUT, ORD, VAL, NOMODIFY)
    values ('PASPN', 'TCP', 'O', 1, 6, null, null);
  exception
    when dup_val_on_index then null;
    when others then
      if ( sqlcode = -02291 ) then
        dbms_output.put_line('Не удалось добавить запись (op_rules: ''PASPN'', ''TCP'', ''O'', 1, 6, null, null) - первичный ключ не найден!');
      else raise;
      end if;
  end;
  --------------------------------
  ------ Связанные операции ------
  --------------------------------
  delete from ttsap where tt='TCP';
  --------------------------------
  ------- Балансовые счета -------
  --------------------------------
  delete from ps_tts where tt='TCP';
  begin
    insert into ps_tts(nbs, tt, dk)
    values ('1001', 'TCP', 0);
  exception
    when dup_val_on_index then null;
    when others then
      if ( sqlcode = -02291 ) then
        dbms_output.put_line('Не удалось добавить запись (ps_tts: ''1001'', ''TCP'', 0) - первичный ключ не найден!');
      else raise;
      end if;
  end;
  begin
    insert into ps_tts(nbs, tt, dk)
    values ('1002', 'TCP', 0);
  exception
    when dup_val_on_index then null;
    when others then
      if ( sqlcode = -02291 ) then
        dbms_output.put_line('Не удалось добавить запись (ps_tts: ''1002'', ''TCP'', 0) - первичный ключ не найден!');
      else raise;
      end if;
  end;
  begin
    insert into ps_tts(nbs, tt, dk)
    values ('1005', 'TCP', 1);
  exception
    when dup_val_on_index then null;
    when others then
      if ( sqlcode = -02291 ) then
        dbms_output.put_line('Не удалось добавить запись (ps_tts: ''1005'', ''TCP'', 1) - первичный ключ не найден!');
      else raise;
      end if;
  end;
  --------------------------------
  -------- Виды документов -------
  --------------------------------
  delete from tts_vob where tt='TCP';
  begin
    insert into tts_vob(vob, tt, ord)
    values (222, 'TCP', null);
  exception
    when dup_val_on_index then null;
    when others then
      if ( sqlcode = -02291 ) then
        dbms_output.put_line('Не удалось добавить запись (tts_vob: 222, ''TCP'', null) - первичный ключ не найден!');
      else raise;
      end if;
  end;
  --------------------------------
  -------- Группы контроля -------
  --------------------------------
  delete from chklist_tts where tt='TCP';
  begin
    insert into chklist_tts(idchk, tt, priority, f_big_amount, sqlval, f_in_charge)
    values (4, 'TCP', 2, null, null, null);
  exception
    when dup_val_on_index then null;
    when others then
      if ( sqlcode = -02291 ) then
        dbms_output.put_line('Не удалось добавить запись (chklist_tts: 4, ''TCP'', 2, null, null, null) - первичный ключ не найден!');
      else raise;
      end if;
  end;
  begin
    insert into chklist_tts(idchk, tt, priority, f_big_amount, sqlval, f_in_charge)
    values (5, 'TCP', 1, null, null, null);
  exception
    when dup_val_on_index then null;
    when others then
      if ( sqlcode = -02291 ) then
        dbms_output.put_line('Не удалось добавить запись (chklist_tts: 5, ''TCP'', 1, null, null, null) - первичный ключ не найден!');
      else raise;
      end if;
  end;
  --------------------------------
  ------------- Папки ------------
  --------------------------------
  delete from folders_tts where tt='TCP';
  begin
    insert into folders_tts(idfo, tt)
    values (16, 'TCP');
  exception
    when dup_val_on_index then null;
    when others then
      if ( sqlcode = -02291 ) then
        dbms_output.put_line('Не удалось добавить запись (folders_tts: 16, ''TCP'') - первичный ключ не найден!');
      else raise;
      end if;
  end;
end;
/
prompt Создание / Обновление операции TCC
prompt Наименование операции: TCC-Отримання та оприбуткування інкасованої готівки
declare
  cnt_  number;
begin
  --------------------------------
  -- Основные свойства операции --
  --------------------------------
  begin
    insert into tts(tt, name, dk, nlsm, kv, nlsk, kvk, nlss, nlsa, nlsb, mfob, flc, fli, flv, flr, s, s2, sk, proc, s3800, rang, flags, nazn)
    values ('TCC', 'TCC-Отримання та оприбуткування інкасованої готівки', 0, null, null, '#(BRANCH_USR.GET_BRANCH_PARAM2(''CASH5'',0))', null, null, null, '#(BRANCH_USR.GET_BRANCH_PARAM2(''CASH5'',0))', null, 1, 0, 0, 0, null, null, null, null, null, null, '1000100001000000000000000000000000010000000000000000000000000000', 'Отримання інкасованої готівки філією банку');
  exception
    when dup_val_on_index then 
      update tts
         set tt='TCC', name='TCC-Отримання та оприбуткування інкасованої готівки', dk=0, nlsm=null, kv=null, nlsk='#(BRANCH_USR.GET_BRANCH_PARAM2(''CASH5'',0))', kvk=null, nlss=null, nlsa=null, nlsb='#(BRANCH_USR.GET_BRANCH_PARAM2(''CASH5'',0))', mfob=null, flc=1, fli=0, flv=0, flr=0, s=null, s2=null, sk=null, proc=null, s3800=null, rang=null, flags='1000100001000000000000000000000000010000000000000000000000000000', nazn='Отримання інкасованої готівки філією банку'
       where tt='TCC';
  end;
  --------------------------------
  ----------- Реквизиты ----------
  --------------------------------
  delete from op_rules where tt='TCC';
  begin
    insert into op_rules(TAG, TT, OPT, USED4INPUT, ORD, VAL, NOMODIFY)
    values ('ATRT ', 'TCC', 'O', 1, 7, null, null);
  exception
    when dup_val_on_index then null;
    when others then
      if ( sqlcode = -02291 ) then
        dbms_output.put_line('Не удалось добавить запись (op_rules: ''ATRT '', ''TCC'', ''O'', 1, 7, null, null) - первичный ключ не найден!');
      else raise;
      end if;
  end;
  begin
    insert into op_rules(TAG, TT, OPT, USED4INPUT, ORD, VAL, NOMODIFY)
    values ('D#73 ', 'TCC', 'O', 0, 13, '270', null);
  exception
    when dup_val_on_index then null;
    when others then
      if ( sqlcode = -02291 ) then
        dbms_output.put_line('Не удалось добавить запись (op_rules: ''D#73 '', ''TCC'', ''O'', 0, 13, ''270'', null) - первичный ключ не найден!');
      else raise;
      end if;
  end;
  begin
    insert into op_rules(TAG, TT, OPT, USED4INPUT, ORD, VAL, NOMODIFY)
    values ('FIO  ', 'TCC', 'O', 1, 4, null, null);
  exception
    when dup_val_on_index then null;
    when others then
      if ( sqlcode = -02291 ) then
        dbms_output.put_line('Не удалось добавить запись (op_rules: ''FIO  '', ''TCC'', ''O'', 1, 4, null, null) - первичный ключ не найден!');
      else raise;
      end if;
  end;
  begin
    insert into op_rules(TAG, TT, OPT, USED4INPUT, ORD, VAL, NOMODIFY)
    values ('INK_M', 'TCC', 'M', 1, 1, null, null);
  exception
    when dup_val_on_index then null;
    when others then
      if ( sqlcode = -02291 ) then
        dbms_output.put_line('Не удалось добавить запись (op_rules: ''INK_M'', ''TCC'', ''M'', 1, 1, null, null) - первичный ключ не найден!');
      else raise;
      end if;
  end;
  begin
    insert into op_rules(TAG, TT, OPT, USED4INPUT, ORD, VAL, NOMODIFY)
    values ('INK_N', 'TCC', 'M', 1, 2, null, null);
  exception
    when dup_val_on_index then null;
    when others then
      if ( sqlcode = -02291 ) then
        dbms_output.put_line('Не удалось добавить запись (op_rules: ''INK_N'', ''TCC'', ''M'', 1, 2, null, null) - первичный ключ не найден!');
      else raise;
      end if;
  end;
  begin
    insert into op_rules(TAG, TT, OPT, USED4INPUT, ORD, VAL, NOMODIFY)
    values ('INK_S', 'TCC', 'M', 1, 2, null, null);
  exception
    when dup_val_on_index then null;
    when others then
      if ( sqlcode = -02291 ) then
        dbms_output.put_line('Не удалось добавить запись (op_rules: ''INK_S'', ''TCC'', ''M'', 1, 2, null, null) - первичный ключ не найден!');
      else raise;
      end if;
  end;
  begin
    insert into op_rules(TAG, TT, OPT, USED4INPUT, ORD, VAL, NOMODIFY)
    values ('KOD_B', 'TCC', 'O', 0, 10, '6', null);
  exception
    when dup_val_on_index then null;
    when others then
      if ( sqlcode = -02291 ) then
        dbms_output.put_line('Не удалось добавить запись (op_rules: ''KOD_B'', ''TCC'', ''O'', 0, 10, ''6'', null) - первичный ключ не найден!');
      else raise;
      end if;
  end;
  begin
    insert into op_rules(TAG, TT, OPT, USED4INPUT, ORD, VAL, NOMODIFY)
    values ('KOD_G', 'TCC', 'O', 0, 11, '804', null);
  exception
    when dup_val_on_index then null;
    when others then
      if ( sqlcode = -02291 ) then
        dbms_output.put_line('Не удалось добавить запись (op_rules: ''KOD_G'', ''TCC'', ''O'', 0, 11, ''804'', null) - первичный ключ не найден!');
      else raise;
      end if;
  end;
  begin
    insert into op_rules(TAG, TT, OPT, USED4INPUT, ORD, VAL, NOMODIFY)
    values ('KOD_N', 'TCC', 'O', 0, 12, '8446010', null);
  exception
    when dup_val_on_index then null;
    when others then
      if ( sqlcode = -02291 ) then
        dbms_output.put_line('Не удалось добавить запись (op_rules: ''KOD_N'', ''TCC'', ''O'', 0, 12, ''8446010'', null) - первичный ключ не найден!');
      else raise;
      end if;
  end;
  begin
    insert into op_rules(TAG, TT, OPT, USED4INPUT, ORD, VAL, NOMODIFY)
    values ('PASP ', 'TCC', 'O', 1, 5, null, null);
  exception
    when dup_val_on_index then null;
    when others then
      if ( sqlcode = -02291 ) then
        dbms_output.put_line('Не удалось добавить запись (op_rules: ''PASP '', ''TCC'', ''O'', 1, 5, null, null) - первичный ключ не найден!');
      else raise;
      end if;
  end;
  begin
    insert into op_rules(TAG, TT, OPT, USED4INPUT, ORD, VAL, NOMODIFY)
    values ('PASPN', 'TCC', 'O', 1, 6, null, null);
  exception
    when dup_val_on_index then null;
    when others then
      if ( sqlcode = -02291 ) then
        dbms_output.put_line('Не удалось добавить запись (op_rules: ''PASPN'', ''TCC'', ''O'', 1, 6, null, null) - первичный ключ не найден!');
      else raise;
      end if;
  end;
  --------------------------------
  ------ Связанные операции ------
  --------------------------------
  delete from ttsap where tt='TCC';
  begin
    insert into ttsap(ttap, tt, dk)
    values ('TCP', 'TCC', 1);
  exception
    when dup_val_on_index then null;
    when others then
      if ( sqlcode = -02291 ) then
        dbms_output.put_line('Не удалось добавить запись (ttsap: ''TCP'', ''TCC'', 1) - первичный ключ не найден!');
      else raise;
      end if;
  end;
  --------------------------------
  ------- Балансовые счета -------
  --------------------------------
  delete from ps_tts where tt='TCC';
  begin
    insert into ps_tts(nbs, tt, dk)
    values ('1005', 'TCC', 0);
  exception
    when dup_val_on_index then null;
    when others then
      if ( sqlcode = -02291 ) then
        dbms_output.put_line('Не удалось добавить запись (ps_tts: ''1005'', ''TCC'', 0) - первичный ключ не найден!');
      else raise;
      end if;
  end;
  begin
    insert into ps_tts(nbs, tt, dk)
    values ('2909', 'TCC', 1);
  exception
    when dup_val_on_index then null;
    when others then
      if ( sqlcode = -02291 ) then
        dbms_output.put_line('Не удалось добавить запись (ps_tts: ''2909'', ''TCC'', 1) - первичный ключ не найден!');
      else raise;
      end if;
  end;
  --------------------------------
  -------- Виды документов -------
  --------------------------------
  delete from tts_vob where tt='TCC';
  begin
    insert into tts_vob(vob, tt, ord)
    values (167, 'TCC', null);
  exception
    when dup_val_on_index then null;
    when others then
      if ( sqlcode = -02291 ) then
        dbms_output.put_line('Не удалось добавить запись (tts_vob: 167, ''TCC'', null) - первичный ключ не найден!');
      else raise;
      end if;
  end;
  --------------------------------
  -------- Группы контроля -------
  --------------------------------
  delete from chklist_tts where tt='TCC';
  begin
    insert into chklist_tts(idchk, tt, priority, f_big_amount, sqlval, f_in_charge)
    values (4, 'TCC', 2, null, null, null);
  exception
    when dup_val_on_index then null;
    when others then
      if ( sqlcode = -02291 ) then
        dbms_output.put_line('Не удалось добавить запись (chklist_tts: 4, ''TCC'', 2, null, null, null) - первичный ключ не найден!');
      else raise;
      end if;
  end;
  begin
    insert into chklist_tts(idchk, tt, priority, f_big_amount, sqlval, f_in_charge)
    values (5, 'TCC', 1, null, null, null);
  exception
    when dup_val_on_index then null;
    when others then
      if ( sqlcode = -02291 ) then
        dbms_output.put_line('Не удалось добавить запись (chklist_tts: 5, ''TCC'', 1, null, null, null) - первичный ключ не найден!');
      else raise;
      end if;
  end;
  --------------------------------
  ------------- Папки ------------
  --------------------------------
  delete from folders_tts where tt='TCC';
  begin
    insert into folders_tts(idfo, tt)
    values (16, 'TCC');
  exception
    when dup_val_on_index then null;
    when others then
      if ( sqlcode = -02291 ) then
        dbms_output.put_line('Не удалось добавить запись (folders_tts: 16, ''TCC'') - первичный ключ не найден!');
      else raise;
      end if;
  end;
end;
/
commit;
