delete ins_partners where kf='300465';
/
commit;
/
declare   l_rnk   number; begin begin select rnk into l_rnk from customer where okpo = '1' and date_off is null; exception when no_data_found then l_rnk:=null;end;insert  into ins_partners   (id,name,rnk,agr_no,agr_sdate,agr_edate,active,custtype,kf)values (0,'Неакредитовані СК',l_rnk,'0',TO_DATE ('01.01.1900','dd.mm.yyyy'),TO_DATE ('01.01.2099','dd.mm.yyyy'),1,3,'300465');end;
/
declare   l_rnk   number; begin begin select rnk into l_rnk from customer where okpo = '32109907' and date_off is null; exception when no_data_found then l_rnk:=null;end;insert  into ins_partners   (id,name,rnk,agr_no,agr_sdate,agr_edate,active,custtype,kf)values (23,'ПрАТ "МетЛайф"',l_rnk,'11/6-19/24',TO_DATE ('01.12.2015','dd.mm.yyyy'),TO_DATE ('01.01.2099','dd.mm.yyyy'),1,3,'300465');end;
/
declare   l_rnk   number; begin begin select rnk into l_rnk from customer where okpo = '35417298' and date_off is null; exception when no_data_found then l_rnk:=null;end;insert  into ins_partners   (id,name,rnk,agr_no,agr_sdate,agr_edate,active,custtype,kf)values (22,'ТДВ "СК "Укрфінполіс"',l_rnk,'11/6-19/16',TO_DATE ('01.12.2015','dd.mm.yyyy'),TO_DATE ('01.01.2099','dd.mm.yyyy'),1,3,'300465');end;
/
declare   l_rnk   number; begin begin select rnk into l_rnk from customer where okpo = '33908322' and date_off is null; exception when no_data_found then l_rnk:=null;end;insert  into ins_partners   (id,name,rnk,agr_no,agr_sdate,agr_edate,active,custtype,kf)values (1,'ПрАТ СК "АРСЕНАЛ СТРАХУВАННЯ"',l_rnk,'11/6-19/1',TO_DATE ('01.12.2015','dd.mm.yyyy'),TO_DATE ('01.01.2099','dd.mm.yyyy'),1,3,'300465');end;
/
declare   l_rnk   number; begin begin select rnk into l_rnk from customer where okpo = '20474912' and date_off is null; exception when no_data_found then l_rnk:=null;end;insert  into ins_partners   (id,name,rnk,agr_no,agr_sdate,agr_edate,active,custtype,kf)values (2,'АТ "СК "АХА Страхування"',l_rnk,'11/6-19/2',TO_DATE ('01.12.2015','dd.mm.yyyy'),TO_DATE ('01.01.2099','dd.mm.yyyy'),1,3,'300465');end;
/
declare   l_rnk   number; begin begin select rnk into l_rnk from customer where okpo = '35529829' and date_off is null; exception when no_data_found then l_rnk:=null;end;insert  into ins_partners   (id,name,rnk,agr_no,agr_sdate,agr_edate,active,custtype,kf)values (3,'ПрАТ "Компанія зі страхування життя "БРОКБІЗНЕС"',l_rnk,'11/6-19/3',TO_DATE ('01.12.2015','dd.mm.yyyy'),TO_DATE ('01.01.2099','dd.mm.yyyy'),1,3,'300465');end;
/
declare   l_rnk   number; begin begin select rnk into l_rnk from customer where okpo = '20344871' and date_off is null; exception when no_data_found then l_rnk:=null;end;insert  into ins_partners   (id,name,rnk,agr_no,agr_sdate,agr_edate,active,custtype,kf)values (4,'ПАТ "СК "БРОКБИЗНЕС"',l_rnk,'11/6-19/4',TO_DATE ('01.12.2015','dd.mm.yyyy'),TO_DATE ('01.01.2099','dd.mm.yyyy'),1,3,'300465');end;
/
declare   l_rnk   number; begin begin select rnk into l_rnk from customer where okpo = '35429675' and date_off is null; exception when no_data_found then l_rnk:=null;end;insert  into ins_partners   (id,name,rnk,agr_no,agr_sdate,agr_edate,active,custtype,kf)values (5,'ТДВ „СК „ВіДі – Страхування”',l_rnk,'11/6-19/5',TO_DATE ('01.12.2015','dd.mm.yyyy'),TO_DATE ('01.01.2099','dd.mm.yyyy'),1,3,'300465');end;
/
declare   l_rnk   number; begin begin select rnk into l_rnk from customer where okpo = '32310874' and date_off is null; exception when no_data_found then l_rnk:=null;end;insert  into ins_partners   (id,name,rnk,agr_no,agr_sdate,agr_edate,active,custtype,kf)values (6,'ПрАТ "СК "Ейгон Лайф Україна"',l_rnk,'11/6-19/7',TO_DATE ('01.12.2015','dd.mm.yyyy'),TO_DATE ('01.01.2099','dd.mm.yyyy'),1,3,'300465');end;
/
declare   l_rnk   number; begin begin select rnk into l_rnk from customer where okpo = '36086124' and date_off is null; exception when no_data_found then l_rnk:=null;end;insert  into ins_partners   (id,name,rnk,agr_no,agr_sdate,agr_edate,active,custtype,kf)values (7,'ТДВ "Експрес Страхування"',l_rnk,'11/6-19/6',TO_DATE ('01.12.2015','dd.mm.yyyy'),TO_DATE ('01.01.2099','dd.mm.yyyy'),1,3,'300465');end;
/
declare   l_rnk   number; begin begin select rnk into l_rnk from customer where okpo = '32404600' and date_off is null; exception when no_data_found then l_rnk:=null;end;insert  into ins_partners   (id,name,rnk,agr_no,agr_sdate,agr_edate,active,custtype,kf)values (8,'ТзДВ „СК „ПСК-ЗАХІД”',l_rnk,'11/6-19/15',TO_DATE ('01.12.2015','dd.mm.yyyy'),TO_DATE ('01.01.2099','dd.mm.yyyy'),1,3,'300465');end;
/
declare   l_rnk   number; begin begin select rnk into l_rnk from customer where okpo = '20349029' and date_off is null; exception when no_data_found then l_rnk:=null;end;insert  into ins_partners   (id,name,rnk,agr_no,agr_sdate,agr_edate,active,custtype,kf)values (9,'АТ «СК «ЗЛАГОДА»',l_rnk,'',TO_DATE ('01.12.2015','dd.mm.yyyy'),TO_DATE ('01.01.2099','dd.mm.yyyy'),0,3,'300465');end;
/
declare   l_rnk   number; begin begin select rnk into l_rnk from customer where okpo = '24175269' and date_off is null; exception when no_data_found then l_rnk:=null;end;insert  into ins_partners   (id,name,rnk,agr_no,agr_sdate,agr_edate,active,custtype,kf)values (10,'ПрАТ „УСК „Княжа Вієнна Іншуранс Груп”',l_rnk,'11/6-19/26',TO_DATE ('01.12.2015','dd.mm.yyyy'),TO_DATE ('01.01.2099','dd.mm.yyyy'),1,3,'300465');end;
/
declare   l_rnk   number; begin begin select rnk into l_rnk from customer where okpo = '20842474' and date_off is null; exception when no_data_found then l_rnk:=null;end;insert  into ins_partners   (id,name,rnk,agr_no,agr_sdate,agr_edate,active,custtype,kf)values (11,'ПАТ "СК "Країна"',l_rnk,'11/6-19/11',TO_DATE ('01.12.2015','dd.mm.yyyy'),TO_DATE ('01.01.2099','dd.mm.yyyy'),1,3,'300465');end;
/
declare   l_rnk   number; begin begin select rnk into l_rnk from customer where okpo = '13622789' and date_off is null; exception when no_data_found then l_rnk:=null;end;insert  into ins_partners   (id,name,rnk,agr_no,agr_sdate,agr_edate,active,custtype,kf)values (12,'ТДВ „СК „Кредо”',l_rnk,'11/6-19/12',TO_DATE ('01.12.2015','dd.mm.yyyy'),TO_DATE ('01.01.2099','dd.mm.yyyy'),1,3,'300465');end;
/
declare   l_rnk   number; begin begin select rnk into l_rnk from customer where okpo = '24745673' and date_off is null; exception when no_data_found then l_rnk:=null;end;insert  into ins_partners   (id,name,rnk,agr_no,agr_sdate,agr_edate,active,custtype,kf)values (13,'АТ „СК „Просто-страхування”',l_rnk,'11/6-19/14',TO_DATE ('01.12.2015','dd.mm.yyyy'),TO_DATE ('01.01.2099','dd.mm.yyyy'),1,3,'300465');end;
/
declare   l_rnk   number; begin begin select rnk into l_rnk from customer where okpo = '20113829' and date_off is null; exception when no_data_found then l_rnk:=null;end;insert  into ins_partners   (id,name,rnk,agr_no,agr_sdate,agr_edate,active,custtype,kf)values (14,'ПАТ СК "Універсальна"',l_rnk,'11/6-19/17',TO_DATE ('01.12.2015','dd.mm.yyyy'),TO_DATE ('01.01.2099','dd.mm.yyyy'),1,3,'300465');end;
/
declare   l_rnk   number; begin begin select rnk into l_rnk from customer where okpo = '20033533' and date_off is null; exception when no_data_found then l_rnk:=null;end;insert  into ins_partners   (id,name,rnk,agr_no,agr_sdate,agr_edate,active,custtype,kf)values (15,'ПрАТ СК "УНІКА"',l_rnk,'11/6-19/18',TO_DATE ('01.12.2015','dd.mm.yyyy'),TO_DATE ('01.01.2099','dd.mm.yyyy'),1,3,'300465');end;
/
declare   l_rnk   number; begin begin select rnk into l_rnk from customer where okpo = '20602681' and date_off is null; exception when no_data_found then l_rnk:=null;end;insert  into ins_partners   (id,name,rnk,agr_no,agr_sdate,agr_edate,active,custtype,kf)values (16,'ПрАТ „Українська Пожежно-Страхова Компанія”',l_rnk,'11/6-19/19',TO_DATE ('01.12.2015','dd.mm.yyyy'),TO_DATE ('01.01.2099','dd.mm.yyyy'),1,3,'300465');end;
/
declare   l_rnk   number; begin begin select rnk into l_rnk from customer where okpo = '30859524' and date_off is null; exception when no_data_found then l_rnk:=null;end;insert  into ins_partners   (id,name,rnk,agr_no,agr_sdate,agr_edate,active,custtype,kf)values (17,'ПрАТ "СК  "Українська Страхова Група"',l_rnk,'11/6-19/20',TO_DATE ('01.12.2015','dd.mm.yyyy'),TO_DATE ('01.01.2099','dd.mm.yyyy'),1,3,'300465');end;
/
declare   l_rnk   number; begin begin select rnk into l_rnk from customer where okpo = '22229921' and date_off is null; exception when no_data_found then l_rnk:=null;end;insert  into ins_partners   (id,name,rnk,agr_no,agr_sdate,agr_edate,active,custtype,kf)values (18,'ПрАТ "СК "Український страховий стандарт"',l_rnk,'11/6-19/21',TO_DATE ('01.12.2015','dd.mm.yyyy'),TO_DATE ('01.01.2099','dd.mm.yyyy'),1,3,'300465');end;
/
declare   l_rnk   number; begin begin select rnk into l_rnk from customer where okpo = '31113488' and date_off is null; exception when no_data_found then l_rnk:=null;end;insert  into ins_partners   (id,name,rnk,agr_no,agr_sdate,agr_edate,active,custtype,kf)values (19,'АТ СК "Ю.БІ.АЙ."',l_rnk,'392178',TO_DATE ('01.12.2015','dd.mm.yyyy'),TO_DATE ('01.01.2099','dd.mm.yyyy'),0,3,'300465');end;
/
declare   l_rnk   number; begin begin select rnk into l_rnk from customer where okpo = '20782312' and date_off is null; exception when no_data_found then l_rnk:=null;end;insert  into ins_partners   (id,name,rnk,agr_no,agr_sdate,agr_edate,active,custtype,kf)values (20,'ПрАТ «СК ПЗУ Україна»',l_rnk,'11/6-19/13',TO_DATE ('01.12.2015','dd.mm.yyyy'),TO_DATE ('01.01.2099','dd.mm.yyyy'),1,3,'300465');end;
/
declare   l_rnk   number; begin begin select rnk into l_rnk from customer where okpo = '34538696' and date_off is null; exception when no_data_found then l_rnk:=null;end;insert  into ins_partners   (id,name,rnk,agr_no,agr_sdate,agr_edate,active,custtype,kf)values (21,'ПрАТ "СК "Кардіф"',l_rnk,'11/6-19/9',TO_DATE ('01.12.2015','dd.mm.yyyy'),TO_DATE ('01.01.2099','dd.mm.yyyy'),1,3,'300465');end;
/
declare   l_rnk   number; begin begin select rnk into l_rnk from customer where okpo = '31650052' and date_off is null; exception when no_data_found then l_rnk:=null;end;insert  into ins_partners   (id,name,rnk,agr_no,agr_sdate,agr_edate,active,custtype,kf)values (24,'ПрАТ "СК "ВУСО"',l_rnk,'11/6-19/25',TO_DATE ('01.12.2015','dd.mm.yyyy'),TO_DATE ('01.01.2099','dd.mm.yyyy'),1,3,'300465');end;
/
declare   l_rnk   number; begin begin select rnk into l_rnk from customer where okpo = '21870998' and date_off is null; exception when no_data_found then l_rnk:=null;end;insert  into ins_partners   (id,name,rnk,agr_no,agr_sdate,agr_edate,active,custtype,kf)values (25,'ПрАТ "СК "ДІМ Страхування"',l_rnk,'11/6-19/23',TO_DATE ('01.12.2015','dd.mm.yyyy'),TO_DATE ('01.01.2099','dd.mm.yyyy'),1,3,'300465');end;
/
declare   l_rnk   number; begin begin select rnk into l_rnk from customer where okpo = '34478248' and date_off is null; exception when no_data_found then l_rnk:=null;end;insert  into ins_partners   (id,name,rnk,agr_no,agr_sdate,agr_edate,active,custtype,kf)values (26,'ПрАТ «СК «УНІКА Життя»',l_rnk,'11/6-19/29',TO_DATE ('01.12.2015','dd.mm.yyyy'),TO_DATE ('01.01.2099','dd.mm.yyyy'),1,3,'300465');end;
/
commit;
/
merge into bars.ins_types a using(select 0 as id,'Страхування заставного майна ЮО' as name,'CL' as object_type from dual) b on (a.id = b.id) when not matched then insert (id, name, object_type)values (b.id, b.name, b.object_type)when matched then update set a.name = b.name,a.object_type = b.object_type;
merge into bars.ins_types a using(select 1 as id,'Страхування не заставного майна ЮО' as name,'GRT' as object_type from dual) b on (a.id = b.id) when not matched then insert (id, name, object_type)values (b.id, b.name, b.object_type)when matched then update set a.name = b.name,a.object_type = b.object_type;
merge into bars.ins_types a using(select 2 as id,'Страхування не заставного майна ФО' as name,'GRT' as object_type from dual) b on (a.id = b.id) when not matched then insert (id, name, object_type)values (b.id, b.name, b.object_type)when matched then update set a.name = b.name,a.object_type = b.object_type;
merge into bars.ins_types a using(select 3 as id,'Страхування майна Банку' as name,'GRT' as object_type from dual) b on (a.id = b.id) when not matched then insert (id, name, object_type)values (b.id, b.name, b.object_type)when matched then update set a.name = b.name,a.object_type = b.object_type;
merge into bars.ins_types a using(select 4 as id,'Страхування заставного наземного транспорту (КАСКО) ЮО' as name,'GRT' as object_type from dual) b on (a.id = b.id) when not matched then insert (id, name, object_type)values (b.id, b.name, b.object_type)when matched then update set a.name = b.name,a.object_type = b.object_type;
merge into bars.ins_types a using(select 5 as id,'Страхування заставного наземного транспорту (КАСКО) ФО' as name,'GRT' as object_type from dual) b on (a.id = b.id) when not matched then insert (id, name, object_type)values (b.id, b.name, b.object_type)when matched then update set a.name = b.name,a.object_type = b.object_type;
merge into bars.ins_types a using(select 6 as id,'Страхування не заставного наземного транспорту (КАСКО) ЮО' as name,'CL' as object_type from dual) b on (a.id = b.id) when not matched then insert (id, name, object_type)values (b.id, b.name, b.object_type)when matched then update set a.name = b.name,a.object_type = b.object_type;
merge into bars.ins_types a using(select 7 as id,'Страхування не заставного наземного транспорту (КАСКО) ФО' as name,'CL' as object_type from dual) b on (a.id = b.id) when not matched then insert (id, name, object_type)values (b.id, b.name, b.object_type)when matched then update set a.name = b.name,a.object_type = b.object_type;
merge into bars.ins_types a using(select 8 as id,'Страхування наземного транспорту (КАСКО) Банку' as name,'GRT' as object_type from dual) b on (a.id = b.id) when not matched then insert (id, name, object_type)values (b.id, b.name, b.object_type)when matched then update set a.name = b.name,a.object_type = b.object_type;
merge into bars.ins_types a using(select 9 as id,'Страхування фінансових ризиків (застава) ФО' as name,'GRT' as object_type from dual) b on (a.id = b.id) when not matched then insert (id, name, object_type)values (b.id, b.name, b.object_type)when matched then update set a.name = b.name,a.object_type = b.object_type;
merge into bars.ins_types a using(select 10 as id,'Страхування фінансових ризиків Банку' as name,'CL' as object_type from dual) b on (a.id = b.id) when not matched then insert (id, name, object_type)values (b.id, b.name, b.object_type)when matched then update set a.name = b.name,a.object_type = b.object_type;
merge into bars.ins_types a using(select 11 as id,'Страхування від нещасного випадку (кредитне) ФО' as name,'CL' as object_type from dual) b on (a.id = b.id) when not matched then insert (id, name, object_type)values (b.id, b.name, b.object_type)when matched then update set a.name = b.name,a.object_type = b.object_type;
merge into bars.ins_types a using(select 12 as id,'Страхування від нещасного випадку (не кредитне) ФО' as name,'CL' as object_type from dual) b on (a.id = b.id) when not matched then insert (id, name, object_type)values (b.id, b.name, b.object_type)when matched then update set a.name = b.name,a.object_type = b.object_type;
merge into bars.ins_types a using(select 13 as id,'Страхування життя ФО' as name,'CL' as object_type from dual) b on (a.id = b.id) when not matched then insert (id, name, object_type)values (b.id, b.name, b.object_type)when matched then update set a.name = b.name,a.object_type = b.object_type;
merge into bars.ins_types a using(select 14 as id,'Страхування відповідальності власників Т/З (обов’язкове) (ФО/ЮО)' as name,'CL' as object_type from dual) b on (a.id = b.id) when not matched then insert (id, name, object_type)values (b.id, b.name, b.object_type)when matched then update set a.name = b.name,a.object_type = b.object_type;
merge into bars.ins_types a using(select 15 as id,'Страхування відповідальності власників Т/З (обов’язкове) Банку' as name,'CL' as object_type from dual) b on (a.id = b.id) when not matched then insert (id, name, object_type)values (b.id, b.name, b.object_type)when matched then update set a.name = b.name,a.object_type = b.object_type;
merge into bars.ins_types a using(select 16 as id,'Страхування відповідальності власників Т/З (добровільне) (ФО/ЮО)' as name,'CL' as object_type from dual) b on (a.id = b.id) when not matched then insert (id, name, object_type)values (b.id, b.name, b.object_type)when matched then update set a.name = b.name,a.object_type = b.object_type;
merge into bars.ins_types a using(select 17 as id,'Страхування відповідальності власників майна ФО' as name,'CL' as object_type from dual) b on (a.id = b.id) when not matched then insert (id, name, object_type)values (b.id, b.name, b.object_type)when matched then update set a.name = b.name,a.object_type = b.object_type;
merge into bars.ins_types a using(select 18 as id,'Медичне страхування ФО' as name,'CL' as object_type from dual) b on (a.id = b.id) when not matched then insert (id, name, object_type)values (b.id, b.name, b.object_type)when matched then update set a.name = b.name,a.object_type = b.object_type;
merge into bars.ins_types a using(select 19 as id,'Страхування відповідальності власників зброї (обов’язкове) Банку' as name,'CL' as object_type from dual) b on (a.id = b.id) when not matched then insert (id, name, object_type)values (b.id, b.name, b.object_type)when matched then update set a.name = b.name,a.object_type = b.object_type;
merge into bars.ins_types a using(select 20 as id,'Страхування добровільних пожежних дружин (обов’язкове) Банку' as name,'CL' as object_type from dual) b on (a.id = b.id) when not matched then insert (id, name, object_type)values (b.id, b.name, b.object_type)when matched then update set a.name = b.name,a.object_type = b.object_type;
merge into bars.ins_types a using(select 21 as id,'Страхування водіїв на транспорті (обов’язкове) Банку' as name,'CL' as object_type from dual) b on (a.id = b.id) when not matched then insert (id, name, object_type)values (b.id, b.name, b.object_type)when matched then update set a.name = b.name,a.object_type = b.object_type;
merge into bars.ins_types a using(select 23 as id,'Страхування майна власників карт ФО' as name,'CL' as object_type from dual) b on (a.id = b.id) when not matched then insert (id, name, object_type)values (b.id, b.name, b.object_type)when matched then update set a.name = b.name,a.object_type = b.object_type;
merge into bars.ins_types a using(select 24 as id,'Медичне страхування подорожуючих ФО' as name,'CL' as object_type from dual) b on (a.id = b.id) when not matched then insert (id, name, object_type)values (b.id, b.name, b.object_type)when matched then update set a.name = b.name,a.object_type = b.object_type;
merge into bars.ins_types a using(select 25 as id,'Страхування життя (cash) ФО' as name,'CL' as object_type from dual) b on (a.id = b.id) when not matched then insert (id, name, object_type)values (b.id, b.name, b.object_type)when matched then update set a.name = b.name,a.object_type = b.object_type;
commit;
/
merge into bars.ins_ewa_types a using(select 'policy' as id,'осаго' as name,14 as EXT_ID from dual) b on (a.id = b.id) when not matched then insert (id, name, EXT_ID)values (b.id, b.name, b.EXT_ID)when matched then update set a.name = b.name,a.EXT_ID = b.EXT_ID;
merge into bars.ins_ewa_types a using(select 'vcl' as id,'дго (добровольная гражданская ответственность)' as name,14 as EXT_ID from dual) b on (a.id = b.id) when not matched then insert (id, name, EXT_ID)values (b.id, b.name, b.EXT_ID)when matched then update set a.name = b.name,a.EXT_ID = b.EXT_ID;
merge into bars.ins_ewa_types a using(select 'greencard' as id,'зелёная карта' as name,14 as EXT_ID from dual) b on (a.id = b.id) when not matched then insert (id, name, EXT_ID)values (b.id, b.name, b.EXT_ID)when matched then update set a.name = b.name,a.EXT_ID = b.EXT_ID;
merge into bars.ins_ewa_types a using(select 'custom' as id,'настраиваемый тип договора: кроме ОСАГО, ЗК и стандартного ДГО, может применяться также в нестандартном ДГО' as name,14 as EXT_ID from dual) b on (a.id = b.id) when not matched then insert (id, name, EXT_ID)values (b.id, b.name, b.EXT_ID)when matched then update set a.name = b.name,a.EXT_ID = b.EXT_ID;
merge into bars.ins_ewa_types a using(select 'ВЗР' as id,'Туризм' as name,24 as EXT_ID from dual) b on (a.id = b.id) when not matched then insert (id, name, EXT_ID)values (b.id, b.name, b.EXT_ID)when matched then update set a.name = b.name,a.EXT_ID =b.EXT_ID;
merge into bars.ins_ewa_types a using(select 'РІР' as id,'Страхування власників карт' as name,23 as EXT_ID from dual) b on (a.id = b.id) when not matched then insert (id, name, EXT_ID)values (b.id, b.name, b.EXT_ID)when matched then update set a.name=b.name,a.EXT_ID = b.EXT_ID;
merge into bars.ins_ewa_types a using(select 'ГО' as id,'ОСЦВ (Автоцивілка)' as name,14 as EXT_ID from dual) b on (a.id = b.id) when not matched then insert (id, name, EXT_ID)values (b.id, b.name, b.EXT_ID)when matched then update set a.name = b.name,a.EXT_ID = b.EXT_ID;
merge into bars.ins_ewa_types a using(select 'ДГО' as id,'ДЦВ (Автоцивілка+)' as name,16 as EXT_ID from dual) b on (a.id = b.id) when not matched then insert (id, name, EXT_ID)values (b.id, b.name, b.EXT_ID)when matched then update set a.name = b.name,a.EXT_ID = b.EXT_ID;
merge into bars.ins_ewa_types a using(select 'МЕД' as id,'ДМС (Лікар у дорозі)' as name,18 as EXT_ID from dual) b on (a.id = b.id) when not matched then insert (id, name, EXT_ID)values (b.id, b.name, b.EXT_ID)when matched then update set a.name = b.name,a.EXT_ID = b.EXT_ID;
merge into bars.ins_ewa_types a using(select 'МФ' as id,'Майно (Захисти домівку)' as name,2 as EXT_ID from dual) b on (a.id = b.id) when not matched then insert (id, name, EXT_ID)values (b.id, b.name, b.EXT_ID)when matched then update set a.name = b.name,a.EXT_ID = b.EXT_ID;
merge into bars.ins_ewa_types a using(select 'ОБ' as id,'Нещасний випадок (Оберіг)' as name,12 as EXT_ID from dual) b on (a.id = b.id) when not matched then insert (id, name, EXT_ID)values (b.id, b.name, b.EXT_ID)when matched then update set a.name = b.name,a.EXT_ID = b.EXT_ID;
merge into bars.ins_ewa_types a using(select 'ЖТ' as id,'Страхування життя (cash) ФО' as name,25 as EXT_ID from dual) b on (a.id = b.id) when not matched then insert (id, name, EXT_ID)values (b.id, b.name, b.EXT_ID)when matched then update set a.name = b.name,a.EXT_ID = b.EXT_ID;
commit;
/
delete ins_partner_types where kf='300465';
/
commit;
/
insert into ins_partner_types(partner_id,type_id,active,kf) values(13,0,1,'300465');
insert into ins_partner_types(partner_id,type_id,active,kf) values(13,1,1,'300465');
insert into ins_partner_types(partner_id,type_id,active,kf) values(13,2,1,'300465');
insert into ins_partner_types(partner_id,type_id,active,kf) values(13,3,1,'300465');
insert into ins_partner_types(partner_id,type_id,active,kf) values(13,4,1,'300465');
insert into ins_partner_types(partner_id,type_id,active,kf) values(13,5,1,'300465');
insert into ins_partner_types(partner_id,type_id,active,kf) values(13,6,1,'300465');
insert into ins_partner_types(partner_id,type_id,active,kf) values(13,7,1,'300465');
insert into ins_partner_types(partner_id,type_id,active,kf) values(13,8,1,'300465');
insert into ins_partner_types(partner_id,type_id,active,kf) values(13,9,1,'300465');
insert into ins_partner_types(partner_id,type_id,active,kf) values(13,10,1,'300465');
insert into ins_partner_types(partner_id,type_id,active,kf) values(13,11,1,'300465');
insert into ins_partner_types(partner_id,type_id,active,kf) values(13,12,1,'300465');
insert into ins_partner_types(partner_id,type_id,active,kf) values(13,13,1,'300465');
insert into ins_partner_types(partner_id,type_id,active,kf) values(13,14,1,'300465');
insert into ins_partner_types(partner_id,type_id,active,kf) values(13,15,1,'300465');
insert into ins_partner_types(partner_id,type_id,active,kf) values(13,16,1,'300465');
insert into ins_partner_types(partner_id,type_id,active,kf) values(13,17,1,'300465');
insert into ins_partner_types(partner_id,type_id,active,kf) values(13,18,1,'300465');
insert into ins_partner_types(partner_id,type_id,active,kf) values(13,19,1,'300465');
insert into ins_partner_types(partner_id,type_id,active,kf) values(13,20,1,'300465');
insert into ins_partner_types(partner_id,type_id,active,kf) values(13,21,1,'300465');
insert into ins_partner_types(partner_id,type_id,active,kf) values(16,0,1,'300465');
insert into ins_partner_types(partner_id,type_id,active,kf) values(16,1,1,'300465');
insert into ins_partner_types(partner_id,type_id,active,kf) values(16,2,1,'300465');
insert into ins_partner_types(partner_id,type_id,active,kf) values(16,3,1,'300465');
insert into ins_partner_types(partner_id,type_id,active,kf) values(16,4,1,'300465');
insert into ins_partner_types(partner_id,type_id,active,kf) values(16,5,1,'300465');
insert into ins_partner_types(partner_id,type_id,active,kf) values(16,6,1,'300465');
insert into ins_partner_types(partner_id,type_id,active,kf) values(16,7,1,'300465');
insert into ins_partner_types(partner_id,type_id,active,kf) values(16,8,1,'300465');
insert into ins_partner_types(partner_id,type_id,active,kf) values(16,9,1,'300465');
insert into ins_partner_types(partner_id,type_id,active,kf) values(16,10,1,'300465');
insert into ins_partner_types(partner_id,type_id,active,kf) values(16,11,1,'300465');
insert into ins_partner_types(partner_id,type_id,active,kf) values(16,12,1,'300465');
insert into ins_partner_types(partner_id,type_id,active,kf) values(16,13,1,'300465');
insert into ins_partner_types(partner_id,type_id,active,kf) values(16,14,1,'300465');
insert into ins_partner_types(partner_id,type_id,active,kf) values(16,15,1,'300465');
insert into ins_partner_types(partner_id,type_id,active,kf) values(16,16,1,'300465');
insert into ins_partner_types(partner_id,type_id,active,kf) values(16,17,1,'300465');
insert into ins_partner_types(partner_id,type_id,active,kf) values(16,18,1,'300465');
insert into ins_partner_types(partner_id,type_id,active,kf) values(16,19,1,'300465');
insert into ins_partner_types(partner_id,type_id,active,kf) values(16,20,1,'300465');
insert into ins_partner_types(partner_id,type_id,active,kf) values(16,21,1,'300465');
insert into ins_partner_types(partner_id,type_id,active,kf) values(18,0,1,'300465');
insert into ins_partner_types(partner_id,type_id,active,kf) values(18,1,1,'300465');
insert into ins_partner_types(partner_id,type_id,active,kf) values(18,2,1,'300465');
insert into ins_partner_types(partner_id,type_id,active,kf) values(18,3,1,'300465');
insert into ins_partner_types(partner_id,type_id,active,kf) values(18,4,1,'300465');
insert into ins_partner_types(partner_id,type_id,active,kf) values(18,5,1,'300465');
insert into ins_partner_types(partner_id,type_id,active,kf) values(18,6,1,'300465');
insert into ins_partner_types(partner_id,type_id,active,kf) values(18,7,1,'300465');
insert into ins_partner_types(partner_id,type_id,active,kf) values(18,8,1,'300465');
insert into ins_partner_types(partner_id,type_id,active,kf) values(18,9,1,'300465');
insert into ins_partner_types(partner_id,type_id,active,kf) values(18,10,1,'300465');
insert into ins_partner_types(partner_id,type_id,active,kf) values(18,11,1,'300465');
insert into ins_partner_types(partner_id,type_id,active,kf) values(18,12,1,'300465');
insert into ins_partner_types(partner_id,type_id,active,kf) values(18,13,1,'300465');
insert into ins_partner_types(partner_id,type_id,active,kf) values(18,14,1,'300465');
insert into ins_partner_types(partner_id,type_id,active,kf) values(18,15,1,'300465');
insert into ins_partner_types(partner_id,type_id,active,kf) values(18,16,1,'300465');
insert into ins_partner_types(partner_id,type_id,active,kf) values(18,17,1,'300465');
insert into ins_partner_types(partner_id,type_id,active,kf) values(18,18,1,'300465');
insert into ins_partner_types(partner_id,type_id,active,kf) values(18,19,1,'300465');
insert into ins_partner_types(partner_id,type_id,active,kf) values(18,20,1,'300465');
insert into ins_partner_types(partner_id,type_id,active,kf) values(18,21,1,'300465');
insert into ins_partner_types(partner_id,type_id,active,kf) values(24,0,1,'300465');
insert into ins_partner_types(partner_id,type_id,active,kf) values(24,1,1,'300465');
insert into ins_partner_types(partner_id,type_id,active,kf) values(24,2,1,'300465');
insert into ins_partner_types(partner_id,type_id,active,kf) values(24,3,1,'300465');
insert into ins_partner_types(partner_id,type_id,active,kf) values(24,4,1,'300465');
insert into ins_partner_types(partner_id,type_id,active,kf) values(24,5,1,'300465');
insert into ins_partner_types(partner_id,type_id,active,kf) values(24,6,1,'300465');
insert into ins_partner_types(partner_id,type_id,active,kf) values(24,7,1,'300465');
insert into ins_partner_types(partner_id,type_id,active,kf) values(24,8,1,'300465');
insert into ins_partner_types(partner_id,type_id,active,kf) values(24,9,1,'300465');
insert into ins_partner_types(partner_id,type_id,active,kf) values(24,10,1,'300465');
insert into ins_partner_types(partner_id,type_id,active,kf) values(24,11,1,'300465');
insert into ins_partner_types(partner_id,type_id,active,kf) values(24,12,1,'300465');
insert into ins_partner_types(partner_id,type_id,active,kf) values(24,13,1,'300465');
insert into ins_partner_types(partner_id,type_id,active,kf) values(24,14,1,'300465');
insert into ins_partner_types(partner_id,type_id,active,kf) values(24,15,1,'300465');
insert into ins_partner_types(partner_id,type_id,active,kf) values(24,16,1,'300465');
insert into ins_partner_types(partner_id,type_id,active,kf) values(24,17,1,'300465');
insert into ins_partner_types(partner_id,type_id,active,kf) values(24,18,1,'300465');
insert into ins_partner_types(partner_id,type_id,active,kf) values(24,19,1,'300465');
insert into ins_partner_types(partner_id,type_id,active,kf) values(24,20,1,'300465');
insert into ins_partner_types(partner_id,type_id,active,kf) values(24,21,1,'300465');
insert into ins_partner_types(partner_id,type_id,active,kf) values(0,0,1,'300465');
insert into ins_partner_types(partner_id,type_id,active,kf) values(0,1,1,'300465');
insert into ins_partner_types(partner_id,type_id,active,kf) values(0,2,1,'300465');
insert into ins_partner_types(partner_id,type_id,active,kf) values(0,3,1,'300465');
insert into ins_partner_types(partner_id,type_id,active,kf) values(0,4,1,'300465');
insert into ins_partner_types(partner_id,type_id,active,kf) values(1,0,1,'300465');
insert into ins_partner_types(partner_id,type_id,active,kf) values(1,1,1,'300465');
insert into ins_partner_types(partner_id,type_id,active,kf) values(1,2,1,'300465');
insert into ins_partner_types(partner_id,type_id,active,kf) values(1,3,1,'300465');
insert into ins_partner_types(partner_id,type_id,active,kf) values(1,4,1,'300465');
insert into ins_partner_types(partner_id,type_id,active,kf) values(1,5,1,'300465');
insert into ins_partner_types(partner_id,type_id,active,kf) values(1,6,1,'300465');
insert into ins_partner_types(partner_id,type_id,active,kf) values(1,7,1,'300465');
insert into ins_partner_types(partner_id,type_id,active,kf) values(1,8,1,'300465');
insert into ins_partner_types(partner_id,type_id,active,kf) values(1,9,1,'300465');
insert into ins_partner_types(partner_id,type_id,active,kf) values(1,10,1,'300465');
insert into ins_partner_types(partner_id,type_id,active,kf) values(1,11,1,'300465');
insert into ins_partner_types(partner_id,type_id,active,kf) values(1,12,1,'300465');
insert into ins_partner_types(partner_id,type_id,active,kf) values(1,13,1,'300465');
insert into ins_partner_types(partner_id,type_id,active,kf) values(1,14,1,'300465');
insert into ins_partner_types(partner_id,type_id,active,kf) values(1,15,1,'300465');
insert into ins_partner_types(partner_id,type_id,active,kf) values(1,16,1,'300465');
insert into ins_partner_types(partner_id,type_id,active,kf) values(1,17,1,'300465');
insert into ins_partner_types(partner_id,type_id,active,kf) values(1,18,1,'300465');
insert into ins_partner_types(partner_id,type_id,active,kf) values(1,19,1,'300465');
insert into ins_partner_types(partner_id,type_id,active,kf) values(1,20,1,'300465');
insert into ins_partner_types(partner_id,type_id,active,kf) values(1,21,1,'300465');
insert into ins_partner_types(partner_id,type_id,active,kf) values(2,0,1,'300465');
insert into ins_partner_types(partner_id,type_id,active,kf) values(2,1,1,'300465');
insert into ins_partner_types(partner_id,type_id,active,kf) values(2,2,1,'300465');
insert into ins_partner_types(partner_id,type_id,active,kf) values(2,3,1,'300465');
insert into ins_partner_types(partner_id,type_id,active,kf) values(2,4,1,'300465');
insert into ins_partner_types(partner_id,type_id,active,kf) values(2,5,1,'300465');
insert into ins_partner_types(partner_id,type_id,active,kf) values(2,6,1,'300465');
insert into ins_partner_types(partner_id,type_id,active,kf) values(2,7,1,'300465');
insert into ins_partner_types(partner_id,type_id,active,kf) values(2,8,1,'300465');
insert into ins_partner_types(partner_id,type_id,active,kf) values(2,9,1,'300465');
insert into ins_partner_types(partner_id,type_id,active,kf) values(2,10,1,'300465');
insert into ins_partner_types(partner_id,type_id,active,kf) values(2,11,1,'300465');
insert into ins_partner_types(partner_id,type_id,active,kf) values(2,12,1,'300465');
insert into ins_partner_types(partner_id,type_id,active,kf) values(2,13,1,'300465');
insert into ins_partner_types(partner_id,type_id,active,kf) values(2,14,1,'300465');
insert into ins_partner_types(partner_id,type_id,active,kf) values(2,15,1,'300465');
insert into ins_partner_types(partner_id,type_id,active,kf) values(2,16,1,'300465');
insert into ins_partner_types(partner_id,type_id,active,kf) values(2,17,1,'300465');
insert into ins_partner_types(partner_id,type_id,active,kf) values(2,18,1,'300465');
insert into ins_partner_types(partner_id,type_id,active,kf) values(2,19,1,'300465');
insert into ins_partner_types(partner_id,type_id,active,kf) values(2,20,1,'300465');
insert into ins_partner_types(partner_id,type_id,active,kf) values(2,21,1,'300465');
insert into ins_partner_types(partner_id,type_id,active,kf) values(3,0,1,'300465');
insert into ins_partner_types(partner_id,type_id,active,kf) values(3,1,1,'300465');
insert into ins_partner_types(partner_id,type_id,active,kf) values(3,2,1,'300465');
insert into ins_partner_types(partner_id,type_id,active,kf) values(3,3,1,'300465');
insert into ins_partner_types(partner_id,type_id,active,kf) values(3,4,1,'300465');
insert into ins_partner_types(partner_id,type_id,active,kf) values(3,5,1,'300465');
insert into ins_partner_types(partner_id,type_id,active,kf) values(3,6,1,'300465');
insert into ins_partner_types(partner_id,type_id,active,kf) values(3,7,1,'300465');
insert into ins_partner_types(partner_id,type_id,active,kf) values(3,8,1,'300465');
insert into ins_partner_types(partner_id,type_id,active,kf) values(3,9,1,'300465');
insert into ins_partner_types(partner_id,type_id,active,kf) values(3,10,1,'300465');
insert into ins_partner_types(partner_id,type_id,active,kf) values(3,11,1,'300465');
insert into ins_partner_types(partner_id,type_id,active,kf) values(3,12,1,'300465');
insert into ins_partner_types(partner_id,type_id,active,kf) values(3,13,1,'300465');
insert into ins_partner_types(partner_id,type_id,active,kf) values(3,14,1,'300465');
insert into ins_partner_types(partner_id,type_id,active,kf) values(3,15,1,'300465');
insert into ins_partner_types(partner_id,type_id,active,kf) values(3,16,1,'300465');
insert into ins_partner_types(partner_id,type_id,active,kf) values(3,17,1,'300465');
insert into ins_partner_types(partner_id,type_id,active,kf) values(3,18,1,'300465');
insert into ins_partner_types(partner_id,type_id,active,kf) values(3,19,1,'300465');
insert into ins_partner_types(partner_id,type_id,active,kf) values(3,20,1,'300465');
insert into ins_partner_types(partner_id,type_id,active,kf) values(3,21,1,'300465');
insert into ins_partner_types(partner_id,type_id,active,kf) values(5,0,1,'300465');
insert into ins_partner_types(partner_id,type_id,active,kf) values(5,1,1,'300465');
insert into ins_partner_types(partner_id,type_id,active,kf) values(5,2,1,'300465');
insert into ins_partner_types(partner_id,type_id,active,kf) values(5,3,1,'300465');
insert into ins_partner_types(partner_id,type_id,active,kf) values(5,4,1,'300465');
insert into ins_partner_types(partner_id,type_id,active,kf) values(5,5,1,'300465');
insert into ins_partner_types(partner_id,type_id,active,kf) values(5,6,1,'300465');
insert into ins_partner_types(partner_id,type_id,active,kf) values(5,7,1,'300465');
insert into ins_partner_types(partner_id,type_id,active,kf) values(5,8,1,'300465');
insert into ins_partner_types(partner_id,type_id,active,kf) values(5,9,1,'300465');
insert into ins_partner_types(partner_id,type_id,active,kf) values(5,10,1,'300465');
insert into ins_partner_types(partner_id,type_id,active,kf) values(5,11,1,'300465');
insert into ins_partner_types(partner_id,type_id,active,kf) values(5,12,1,'300465');
insert into ins_partner_types(partner_id,type_id,active,kf) values(5,13,1,'300465');
insert into ins_partner_types(partner_id,type_id,active,kf) values(5,14,1,'300465');
insert into ins_partner_types(partner_id,type_id,active,kf) values(5,15,1,'300465');
insert into ins_partner_types(partner_id,type_id,active,kf) values(5,16,1,'300465');
insert into ins_partner_types(partner_id,type_id,active,kf) values(5,17,1,'300465');
insert into ins_partner_types(partner_id,type_id,active,kf) values(5,18,1,'300465');
insert into ins_partner_types(partner_id,type_id,active,kf) values(5,19,1,'300465');
insert into ins_partner_types(partner_id,type_id,active,kf) values(5,20,1,'300465');
insert into ins_partner_types(partner_id,type_id,active,kf) values(5,21,1,'300465');
insert into ins_partner_types(partner_id,type_id,active,kf) values(6,0,1,'300465');
insert into ins_partner_types(partner_id,type_id,active,kf) values(6,1,1,'300465');
insert into ins_partner_types(partner_id,type_id,active,kf) values(6,2,1,'300465');
insert into ins_partner_types(partner_id,type_id,active,kf) values(6,3,1,'300465');
insert into ins_partner_types(partner_id,type_id,active,kf) values(6,4,1,'300465');
insert into ins_partner_types(partner_id,type_id,active,kf) values(6,5,1,'300465');
insert into ins_partner_types(partner_id,type_id,active,kf) values(6,6,1,'300465');
insert into ins_partner_types(partner_id,type_id,active,kf) values(6,7,1,'300465');
insert into ins_partner_types(partner_id,type_id,active,kf) values(6,8,1,'300465');
insert into ins_partner_types(partner_id,type_id,active,kf) values(6,9,1,'300465');
insert into ins_partner_types(partner_id,type_id,active,kf) values(6,10,1,'300465');
insert into ins_partner_types(partner_id,type_id,active,kf) values(6,11,1,'300465');
insert into ins_partner_types(partner_id,type_id,active,kf) values(6,12,1,'300465');
insert into ins_partner_types(partner_id,type_id,active,kf) values(6,13,1,'300465');
insert into ins_partner_types(partner_id,type_id,active,kf) values(6,14,1,'300465');
insert into ins_partner_types(partner_id,type_id,active,kf) values(6,15,1,'300465');
insert into ins_partner_types(partner_id,type_id,active,kf) values(6,16,1,'300465');
insert into ins_partner_types(partner_id,type_id,active,kf) values(6,17,1,'300465');
insert into ins_partner_types(partner_id,type_id,active,kf) values(6,18,1,'300465');
insert into ins_partner_types(partner_id,type_id,active,kf) values(6,19,1,'300465');
insert into ins_partner_types(partner_id,type_id,active,kf) values(6,20,1,'300465');
insert into ins_partner_types(partner_id,type_id,active,kf) values(6,21,1,'300465');
insert into ins_partner_types(partner_id,type_id,active,kf) values(9,13,1,'300465');
insert into ins_partner_types(partner_id,type_id,active,kf) values(9,14,1,'300465');
insert into ins_partner_types(partner_id,type_id,active,kf) values(9,15,1,'300465');
insert into ins_partner_types(partner_id,type_id,active,kf) values(9,16,1,'300465');
insert into ins_partner_types(partner_id,type_id,active,kf) values(9,17,1,'300465');
insert into ins_partner_types(partner_id,type_id,active,kf) values(9,18,1,'300465');
insert into ins_partner_types(partner_id,type_id,active,kf) values(9,19,1,'300465');
insert into ins_partner_types(partner_id,type_id,active,kf) values(9,20,1,'300465');
insert into ins_partner_types(partner_id,type_id,active,kf) values(9,21,1,'300465');
insert into ins_partner_types(partner_id,type_id,active,kf) values(10,0,1,'300465');
insert into ins_partner_types(partner_id,type_id,active,kf) values(10,1,1,'300465');
insert into ins_partner_types(partner_id,type_id,active,kf) values(10,2,1,'300465');
insert into ins_partner_types(partner_id,type_id,active,kf) values(10,3,1,'300465');
insert into ins_partner_types(partner_id,type_id,active,kf) values(10,4,1,'300465');
insert into ins_partner_types(partner_id,type_id,active,kf) values(10,5,1,'300465');
insert into ins_partner_types(partner_id,type_id,active,kf) values(10,6,1,'300465');
insert into ins_partner_types(partner_id,type_id,active,kf) values(10,7,1,'300465');
insert into ins_partner_types(partner_id,type_id,active,kf) values(10,8,1,'300465');
insert into ins_partner_types(partner_id,type_id,active,kf) values(10,9,1,'300465');
insert into ins_partner_types(partner_id,type_id,active,kf) values(10,10,1,'300465');
insert into ins_partner_types(partner_id,type_id,active,kf) values(10,11,1,'300465');
insert into ins_partner_types(partner_id,type_id,active,kf) values(10,12,1,'300465');
insert into ins_partner_types(partner_id,type_id,active,kf) values(10,13,1,'300465');
insert into ins_partner_types(partner_id,type_id,active,kf) values(10,14,1,'300465');
insert into ins_partner_types(partner_id,type_id,active,kf) values(10,15,1,'300465');
insert into ins_partner_types(partner_id,type_id,active,kf) values(10,16,1,'300465');
insert into ins_partner_types(partner_id,type_id,active,kf) values(10,17,1,'300465');
insert into ins_partner_types(partner_id,type_id,active,kf) values(10,18,1,'300465');
insert into ins_partner_types(partner_id,type_id,active,kf) values(10,19,1,'300465');
insert into ins_partner_types(partner_id,type_id,active,kf) values(10,20,1,'300465');
insert into ins_partner_types(partner_id,type_id,active,kf) values(10,21,1,'300465');
insert into ins_partner_types(partner_id,type_id,active,kf) values(11,0,1,'300465');
insert into ins_partner_types(partner_id,type_id,active,kf) values(11,1,1,'300465');
insert into ins_partner_types(partner_id,type_id,active,kf) values(11,2,1,'300465');
insert into ins_partner_types(partner_id,type_id,active,kf) values(11,3,1,'300465');
insert into ins_partner_types(partner_id,type_id,active,kf) values(11,4,1,'300465');
insert into ins_partner_types(partner_id,type_id,active,kf) values(11,5,1,'300465');
insert into ins_partner_types(partner_id,type_id,active,kf) values(11,6,1,'300465');
insert into ins_partner_types(partner_id,type_id,active,kf) values(11,7,1,'300465');
insert into ins_partner_types(partner_id,type_id,active,kf) values(11,8,1,'300465');
insert into ins_partner_types(partner_id,type_id,active,kf) values(11,9,1,'300465');
insert into ins_partner_types(partner_id,type_id,active,kf) values(11,10,1,'300465');
insert into ins_partner_types(partner_id,type_id,active,kf) values(11,11,1,'300465');
insert into ins_partner_types(partner_id,type_id,active,kf) values(11,12,1,'300465');
insert into ins_partner_types(partner_id,type_id,active,kf) values(11,13,1,'300465');
insert into ins_partner_types(partner_id,type_id,active,kf) values(11,14,1,'300465');
insert into ins_partner_types(partner_id,type_id,active,kf) values(11,15,1,'300465');
insert into ins_partner_types(partner_id,type_id,active,kf) values(11,16,1,'300465');
insert into ins_partner_types(partner_id,type_id,active,kf) values(11,17,1,'300465');
insert into ins_partner_types(partner_id,type_id,active,kf) values(11,18,1,'300465');
insert into ins_partner_types(partner_id,type_id,active,kf) values(11,19,1,'300465');
insert into ins_partner_types(partner_id,type_id,active,kf) values(11,20,1,'300465');
insert into ins_partner_types(partner_id,type_id,active,kf) values(11,21,1,'300465');
insert into ins_partner_types(partner_id,type_id,active,kf) values(14,0,1,'300465');
insert into ins_partner_types(partner_id,type_id,active,kf) values(14,1,1,'300465');
insert into ins_partner_types(partner_id,type_id,active,kf) values(14,2,1,'300465');
insert into ins_partner_types(partner_id,type_id,active,kf) values(14,3,1,'300465');
insert into ins_partner_types(partner_id,type_id,active,kf) values(14,4,1,'300465');
insert into ins_partner_types(partner_id,type_id,active,kf) values(14,5,1,'300465');
insert into ins_partner_types(partner_id,type_id,active,kf) values(14,6,1,'300465');
insert into ins_partner_types(partner_id,type_id,active,kf) values(14,7,1,'300465');
insert into ins_partner_types(partner_id,type_id,active,kf) values(14,8,1,'300465');
insert into ins_partner_types(partner_id,type_id,active,kf) values(14,9,1,'300465');
insert into ins_partner_types(partner_id,type_id,active,kf) values(14,10,1,'300465');
insert into ins_partner_types(partner_id,type_id,active,kf) values(14,11,1,'300465');
insert into ins_partner_types(partner_id,type_id,active,kf) values(14,12,1,'300465');
insert into ins_partner_types(partner_id,type_id,active,kf) values(14,13,1,'300465');
insert into ins_partner_types(partner_id,type_id,active,kf) values(14,14,1,'300465');
insert into ins_partner_types(partner_id,type_id,active,kf) values(14,15,1,'300465');
insert into ins_partner_types(partner_id,type_id,active,kf) values(14,16,1,'300465');
insert into ins_partner_types(partner_id,type_id,active,kf) values(14,17,1,'300465');
insert into ins_partner_types(partner_id,type_id,active,kf) values(14,18,1,'300465');
insert into ins_partner_types(partner_id,type_id,active,kf) values(14,19,1,'300465');
insert into ins_partner_types(partner_id,type_id,active,kf) values(14,20,1,'300465');
insert into ins_partner_types(partner_id,type_id,active,kf) values(14,21,1,'300465');
insert into ins_partner_types(partner_id,type_id,active,kf) values(15,0,1,'300465');
insert into ins_partner_types(partner_id,type_id,active,kf) values(15,1,1,'300465');
insert into ins_partner_types(partner_id,type_id,active,kf) values(15,2,1,'300465');
insert into ins_partner_types(partner_id,type_id,active,kf) values(15,3,1,'300465');
insert into ins_partner_types(partner_id,type_id,active,kf) values(15,4,1,'300465');
insert into ins_partner_types(partner_id,type_id,active,kf) values(15,5,1,'300465');
insert into ins_partner_types(partner_id,type_id,active,kf) values(15,6,1,'300465');
insert into ins_partner_types(partner_id,type_id,active,kf) values(15,7,1,'300465');
insert into ins_partner_types(partner_id,type_id,active,kf) values(15,8,1,'300465');
insert into ins_partner_types(partner_id,type_id,active,kf) values(15,9,1,'300465');
insert into ins_partner_types(partner_id,type_id,active,kf) values(17,0,1,'300465');
insert into ins_partner_types(partner_id,type_id,active,kf) values(17,1,1,'300465');
insert into ins_partner_types(partner_id,type_id,active,kf) values(17,2,1,'300465');
insert into ins_partner_types(partner_id,type_id,active,kf) values(17,3,1,'300465');
insert into ins_partner_types(partner_id,type_id,active,kf) values(17,4,1,'300465');
insert into ins_partner_types(partner_id,type_id,active,kf) values(17,5,1,'300465');
insert into ins_partner_types(partner_id,type_id,active,kf) values(17,6,1,'300465');
insert into ins_partner_types(partner_id,type_id,active,kf) values(17,7,1,'300465');
insert into ins_partner_types(partner_id,type_id,active,kf) values(17,8,1,'300465');
insert into ins_partner_types(partner_id,type_id,active,kf) values(17,9,1,'300465');
insert into ins_partner_types(partner_id,type_id,active,kf) values(17,10,1,'300465');
insert into ins_partner_types(partner_id,type_id,active,kf) values(17,11,1,'300465');
insert into ins_partner_types(partner_id,type_id,active,kf) values(17,12,1,'300465');
insert into ins_partner_types(partner_id,type_id,active,kf) values(17,13,1,'300465');
insert into ins_partner_types(partner_id,type_id,active,kf) values(17,14,1,'300465');
insert into ins_partner_types(partner_id,type_id,active,kf) values(17,15,1,'300465');
insert into ins_partner_types(partner_id,type_id,active,kf) values(17,16,1,'300465');
insert into ins_partner_types(partner_id,type_id,active,kf) values(17,17,1,'300465');
insert into ins_partner_types(partner_id,type_id,active,kf) values(17,18,1,'300465');
insert into ins_partner_types(partner_id,type_id,active,kf) values(17,19,1,'300465');
insert into ins_partner_types(partner_id,type_id,active,kf) values(17,20,1,'300465');
insert into ins_partner_types(partner_id,type_id,active,kf) values(17,21,1,'300465');
insert into ins_partner_types(partner_id,type_id,active,kf) values(21,0,1,'300465');
insert into ins_partner_types(partner_id,type_id,active,kf) values(21,1,1,'300465');
insert into ins_partner_types(partner_id,type_id,active,kf) values(21,2,1,'300465');
insert into ins_partner_types(partner_id,type_id,active,kf) values(21,3,1,'300465');
insert into ins_partner_types(partner_id,type_id,active,kf) values(21,4,1,'300465');
insert into ins_partner_types(partner_id,type_id,active,kf) values(21,5,1,'300465');
insert into ins_partner_types(partner_id,type_id,active,kf) values(21,6,1,'300465');
insert into ins_partner_types(partner_id,type_id,active,kf) values(21,7,1,'300465');
insert into ins_partner_types(partner_id,type_id,active,kf) values(21,8,1,'300465');
insert into ins_partner_types(partner_id,type_id,active,kf) values(21,9,1,'300465');
insert into ins_partner_types(partner_id,type_id,active,kf) values(21,10,1,'300465');
insert into ins_partner_types(partner_id,type_id,active,kf) values(21,11,1,'300465');
insert into ins_partner_types(partner_id,type_id,active,kf) values(21,12,1,'300465');
insert into ins_partner_types(partner_id,type_id,active,kf) values(21,13,1,'300465');
insert into ins_partner_types(partner_id,type_id,active,kf) values(21,14,1,'300465');
insert into ins_partner_types(partner_id,type_id,active,kf) values(21,15,1,'300465');
insert into ins_partner_types(partner_id,type_id,active,kf) values(21,16,1,'300465');
insert into ins_partner_types(partner_id,type_id,active,kf) values(21,17,1,'300465');
insert into ins_partner_types(partner_id,type_id,active,kf) values(21,18,1,'300465');
insert into ins_partner_types(partner_id,type_id,active,kf) values(21,19,1,'300465');
insert into ins_partner_types(partner_id,type_id,active,kf) values(21,20,1,'300465');
insert into ins_partner_types(partner_id,type_id,active,kf) values(21,21,1,'300465');
insert into ins_partner_types(partner_id,type_id,active,kf) values(15,10,1,'300465');
insert into ins_partner_types(partner_id,type_id,active,kf) values(15,11,1,'300465');
insert into ins_partner_types(partner_id,type_id,active,kf) values(15,12,1,'300465');
insert into ins_partner_types(partner_id,type_id,active,kf) values(15,13,1,'300465');
insert into ins_partner_types(partner_id,type_id,active,kf) values(15,14,1,'300465');
insert into ins_partner_types(partner_id,type_id,active,kf) values(15,15,1,'300465');
insert into ins_partner_types(partner_id,type_id,active,kf) values(15,16,1,'300465');
insert into ins_partner_types(partner_id,type_id,active,kf) values(15,17,1,'300465');
insert into ins_partner_types(partner_id,type_id,active,kf) values(15,18,1,'300465');
insert into ins_partner_types(partner_id,type_id,active,kf) values(15,19,1,'300465');
insert into ins_partner_types(partner_id,type_id,active,kf) values(15,20,1,'300465');
insert into ins_partner_types(partner_id,type_id,active,kf) values(15,21,1,'300465');
insert into ins_partner_types(partner_id,type_id,active,kf) values(4,0,1,'300465');
insert into ins_partner_types(partner_id,type_id,active,kf) values(4,1,1,'300465');
insert into ins_partner_types(partner_id,type_id,active,kf) values(4,2,1,'300465');
insert into ins_partner_types(partner_id,type_id,active,kf) values(4,3,1,'300465');
insert into ins_partner_types(partner_id,type_id,active,kf) values(4,4,1,'300465');
insert into ins_partner_types(partner_id,type_id,active,kf) values(4,5,1,'300465');
insert into ins_partner_types(partner_id,type_id,active,kf) values(4,6,1,'300465');
insert into ins_partner_types(partner_id,type_id,active,kf) values(4,7,1,'300465');
insert into ins_partner_types(partner_id,type_id,active,kf) values(4,8,1,'300465');
insert into ins_partner_types(partner_id,type_id,active,kf) values(4,9,1,'300465');
insert into ins_partner_types(partner_id,type_id,active,kf) values(4,10,1,'300465');
insert into ins_partner_types(partner_id,type_id,active,kf) values(4,11,1,'300465');
insert into ins_partner_types(partner_id,type_id,active,kf) values(4,12,1,'300465');
insert into ins_partner_types(partner_id,type_id,active,kf) values(4,13,1,'300465');
insert into ins_partner_types(partner_id,type_id,active,kf) values(4,14,1,'300465');
insert into ins_partner_types(partner_id,type_id,active,kf) values(4,15,1,'300465');
insert into ins_partner_types(partner_id,type_id,active,kf) values(4,16,1,'300465');
insert into ins_partner_types(partner_id,type_id,active,kf) values(4,17,1,'300465');
insert into ins_partner_types(partner_id,type_id,active,kf) values(4,18,1,'300465');
insert into ins_partner_types(partner_id,type_id,active,kf) values(4,19,1,'300465');
insert into ins_partner_types(partner_id,type_id,active,kf) values(4,20,1,'300465');
insert into ins_partner_types(partner_id,type_id,active,kf) values(4,21,1,'300465');
insert into ins_partner_types(partner_id,type_id,active,kf) values(7,0,1,'300465');
insert into ins_partner_types(partner_id,type_id,active,kf) values(7,1,1,'300465');
insert into ins_partner_types(partner_id,type_id,active,kf) values(7,2,1,'300465');
insert into ins_partner_types(partner_id,type_id,active,kf) values(7,3,1,'300465');
insert into ins_partner_types(partner_id,type_id,active,kf) values(7,4,1,'300465');
insert into ins_partner_types(partner_id,type_id,active,kf) values(7,5,1,'300465');
insert into ins_partner_types(partner_id,type_id,active,kf) values(7,6,1,'300465');
insert into ins_partner_types(partner_id,type_id,active,kf) values(7,7,1,'300465');
insert into ins_partner_types(partner_id,type_id,active,kf) values(7,8,1,'300465');
insert into ins_partner_types(partner_id,type_id,active,kf) values(7,9,1,'300465');
insert into ins_partner_types(partner_id,type_id,active,kf) values(7,10,1,'300465');
insert into ins_partner_types(partner_id,type_id,active,kf) values(7,11,1,'300465');
insert into ins_partner_types(partner_id,type_id,active,kf) values(7,12,1,'300465');
insert into ins_partner_types(partner_id,type_id,active,kf) values(7,13,1,'300465');
insert into ins_partner_types(partner_id,type_id,active,kf) values(7,14,1,'300465');
insert into ins_partner_types(partner_id,type_id,active,kf) values(7,15,1,'300465');
insert into ins_partner_types(partner_id,type_id,active,kf) values(7,16,1,'300465');
insert into ins_partner_types(partner_id,type_id,active,kf) values(7,17,1,'300465');
insert into ins_partner_types(partner_id,type_id,active,kf) values(7,18,1,'300465');
insert into ins_partner_types(partner_id,type_id,active,kf) values(7,19,1,'300465');
insert into ins_partner_types(partner_id,type_id,active,kf) values(7,20,1,'300465');
insert into ins_partner_types(partner_id,type_id,active,kf) values(7,21,1,'300465');
insert into ins_partner_types(partner_id,type_id,active,kf) values(8,0,1,'300465');
insert into ins_partner_types(partner_id,type_id,active,kf) values(8,1,1,'300465');
insert into ins_partner_types(partner_id,type_id,active,kf) values(8,2,1,'300465');
insert into ins_partner_types(partner_id,type_id,active,kf) values(8,3,1,'300465');
insert into ins_partner_types(partner_id,type_id,active,kf) values(8,4,1,'300465');
insert into ins_partner_types(partner_id,type_id,active,kf) values(8,5,1,'300465');
insert into ins_partner_types(partner_id,type_id,active,kf) values(8,6,1,'300465');
insert into ins_partner_types(partner_id,type_id,active,kf) values(8,7,1,'300465');
insert into ins_partner_types(partner_id,type_id,active,kf) values(8,8,1,'300465');
insert into ins_partner_types(partner_id,type_id,active,kf) values(8,9,1,'300465');
insert into ins_partner_types(partner_id,type_id,active,kf) values(8,10,1,'300465');
insert into ins_partner_types(partner_id,type_id,active,kf) values(8,11,1,'300465');
insert into ins_partner_types(partner_id,type_id,active,kf) values(8,12,1,'300465');
insert into ins_partner_types(partner_id,type_id,active,kf) values(8,13,1,'300465');
insert into ins_partner_types(partner_id,type_id,active,kf) values(8,14,1,'300465');
insert into ins_partner_types(partner_id,type_id,active,kf) values(8,15,1,'300465');
insert into ins_partner_types(partner_id,type_id,active,kf) values(8,16,1,'300465');
insert into ins_partner_types(partner_id,type_id,active,kf) values(8,17,1,'300465');
insert into ins_partner_types(partner_id,type_id,active,kf) values(8,18,1,'300465');
insert into ins_partner_types(partner_id,type_id,active,kf) values(8,19,1,'300465');
insert into ins_partner_types(partner_id,type_id,active,kf) values(8,20,1,'300465');
insert into ins_partner_types(partner_id,type_id,active,kf) values(8,21,1,'300465');
insert into ins_partner_types(partner_id,type_id,active,kf) values(9,0,1,'300465');
insert into ins_partner_types(partner_id,type_id,active,kf) values(9,1,1,'300465');
insert into ins_partner_types(partner_id,type_id,active,kf) values(9,2,1,'300465');
insert into ins_partner_types(partner_id,type_id,active,kf) values(9,3,1,'300465');
insert into ins_partner_types(partner_id,type_id,active,kf) values(9,4,1,'300465');
insert into ins_partner_types(partner_id,type_id,active,kf) values(9,5,1,'300465');
insert into ins_partner_types(partner_id,type_id,active,kf) values(9,6,1,'300465');
insert into ins_partner_types(partner_id,type_id,active,kf) values(9,7,1,'300465');
insert into ins_partner_types(partner_id,type_id,active,kf) values(9,8,1,'300465');
insert into ins_partner_types(partner_id,type_id,active,kf) values(9,9,1,'300465');
insert into ins_partner_types(partner_id,type_id,active,kf) values(9,10,1,'300465');
insert into ins_partner_types(partner_id,type_id,active,kf) values(9,11,1,'300465');
insert into ins_partner_types(partner_id,type_id,active,kf) values(9,12,1,'300465');
insert into ins_partner_types(partner_id,type_id,active,kf) values(12,0,1,'300465');
insert into ins_partner_types(partner_id,type_id,active,kf) values(12,1,1,'300465');
insert into ins_partner_types(partner_id,type_id,active,kf) values(12,2,1,'300465');
insert into ins_partner_types(partner_id,type_id,active,kf) values(12,3,1,'300465');
insert into ins_partner_types(partner_id,type_id,active,kf) values(12,4,1,'300465');
insert into ins_partner_types(partner_id,type_id,active,kf) values(12,5,1,'300465');
insert into ins_partner_types(partner_id,type_id,active,kf) values(12,6,1,'300465');
insert into ins_partner_types(partner_id,type_id,active,kf) values(12,7,1,'300465');
insert into ins_partner_types(partner_id,type_id,active,kf) values(12,8,1,'300465');
insert into ins_partner_types(partner_id,type_id,active,kf) values(12,9,1,'300465');
insert into ins_partner_types(partner_id,type_id,active,kf) values(12,10,1,'300465');
insert into ins_partner_types(partner_id,type_id,active,kf) values(12,11,1,'300465');
insert into ins_partner_types(partner_id,type_id,active,kf) values(12,12,1,'300465');
insert into ins_partner_types(partner_id,type_id,active,kf) values(12,13,1,'300465');
insert into ins_partner_types(partner_id,type_id,active,kf) values(12,14,1,'300465');
insert into ins_partner_types(partner_id,type_id,active,kf) values(12,15,1,'300465');
insert into ins_partner_types(partner_id,type_id,active,kf) values(12,16,1,'300465');
insert into ins_partner_types(partner_id,type_id,active,kf) values(12,17,1,'300465');
insert into ins_partner_types(partner_id,type_id,active,kf) values(12,18,1,'300465');
insert into ins_partner_types(partner_id,type_id,active,kf) values(12,19,1,'300465');
insert into ins_partner_types(partner_id,type_id,active,kf) values(12,20,1,'300465');
insert into ins_partner_types(partner_id,type_id,active,kf) values(12,21,1,'300465');
insert into ins_partner_types(partner_id,type_id,active,kf) values(19,0,1,'300465');
insert into ins_partner_types(partner_id,type_id,active,kf) values(19,1,1,'300465');
insert into ins_partner_types(partner_id,type_id,active,kf) values(19,2,1,'300465');
insert into ins_partner_types(partner_id,type_id,active,kf) values(19,3,1,'300465');
insert into ins_partner_types(partner_id,type_id,active,kf) values(19,4,1,'300465');
insert into ins_partner_types(partner_id,type_id,active,kf) values(19,5,1,'300465');
insert into ins_partner_types(partner_id,type_id,active,kf) values(19,6,1,'300465');
insert into ins_partner_types(partner_id,type_id,active,kf) values(19,7,1,'300465');
insert into ins_partner_types(partner_id,type_id,active,kf) values(19,8,1,'300465');
insert into ins_partner_types(partner_id,type_id,active,kf) values(19,9,1,'300465');
insert into ins_partner_types(partner_id,type_id,active,kf) values(19,10,1,'300465');
insert into ins_partner_types(partner_id,type_id,active,kf) values(19,11,1,'300465');
insert into ins_partner_types(partner_id,type_id,active,kf) values(19,12,1,'300465');
insert into ins_partner_types(partner_id,type_id,active,kf) values(19,13,1,'300465');
insert into ins_partner_types(partner_id,type_id,active,kf) values(19,14,1,'300465');
insert into ins_partner_types(partner_id,type_id,active,kf) values(19,15,1,'300465');
insert into ins_partner_types(partner_id,type_id,active,kf) values(19,16,1,'300465');
insert into ins_partner_types(partner_id,type_id,active,kf) values(19,17,1,'300465');
insert into ins_partner_types(partner_id,type_id,active,kf) values(19,18,1,'300465');
insert into ins_partner_types(partner_id,type_id,active,kf) values(19,19,1,'300465');
insert into ins_partner_types(partner_id,type_id,active,kf) values(19,20,1,'300465');
insert into ins_partner_types(partner_id,type_id,active,kf) values(19,21,1,'300465');
insert into ins_partner_types(partner_id,type_id,active,kf) values(20,0,1,'300465');
insert into ins_partner_types(partner_id,type_id,active,kf) values(20,1,1,'300465');
insert into ins_partner_types(partner_id,type_id,active,kf) values(20,2,1,'300465');
insert into ins_partner_types(partner_id,type_id,active,kf) values(20,3,1,'300465');
insert into ins_partner_types(partner_id,type_id,active,kf) values(20,4,1,'300465');
insert into ins_partner_types(partner_id,type_id,active,kf) values(20,5,1,'300465');
insert into ins_partner_types(partner_id,type_id,active,kf) values(20,6,1,'300465');
insert into ins_partner_types(partner_id,type_id,active,kf) values(20,7,1,'300465');
insert into ins_partner_types(partner_id,type_id,active,kf) values(20,8,1,'300465');
insert into ins_partner_types(partner_id,type_id,active,kf) values(20,9,1,'300465');
insert into ins_partner_types(partner_id,type_id,active,kf) values(20,10,1,'300465');
insert into ins_partner_types(partner_id,type_id,active,kf) values(20,11,1,'300465');
insert into ins_partner_types(partner_id,type_id,active,kf) values(20,12,1,'300465');
insert into ins_partner_types(partner_id,type_id,active,kf) values(20,13,1,'300465');
insert into ins_partner_types(partner_id,type_id,active,kf) values(20,14,1,'300465');
insert into ins_partner_types(partner_id,type_id,active,kf) values(20,15,1,'300465');
insert into ins_partner_types(partner_id,type_id,active,kf) values(20,16,1,'300465');
insert into ins_partner_types(partner_id,type_id,active,kf) values(20,17,1,'300465');
insert into ins_partner_types(partner_id,type_id,active,kf) values(20,18,1,'300465');
insert into ins_partner_types(partner_id,type_id,active,kf) values(20,19,1,'300465');
insert into ins_partner_types(partner_id,type_id,active,kf) values(20,20,1,'300465');
insert into ins_partner_types(partner_id,type_id,active,kf) values(20,21,1,'300465');
insert into ins_partner_types(partner_id,type_id,active,kf) values(25,0,1,'300465');
insert into ins_partner_types(partner_id,type_id,active,kf) values(25,1,1,'300465');
insert into ins_partner_types(partner_id,type_id,active,kf) values(25,2,1,'300465');
insert into ins_partner_types(partner_id,type_id,active,kf) values(25,3,1,'300465');
insert into ins_partner_types(partner_id,type_id,active,kf) values(25,4,1,'300465');
insert into ins_partner_types(partner_id,type_id,active,kf) values(25,5,1,'300465');
insert into ins_partner_types(partner_id,type_id,active,kf) values(25,6,1,'300465');
insert into ins_partner_types(partner_id,type_id,active,kf) values(25,7,1,'300465');
insert into ins_partner_types(partner_id,type_id,active,kf) values(25,8,1,'300465');
insert into ins_partner_types(partner_id,type_id,active,kf) values(25,9,1,'300465');
insert into ins_partner_types(partner_id,type_id,active,kf) values(25,10,1,'300465');
insert into ins_partner_types(partner_id,type_id,active,kf) values(25,11,1,'300465');
insert into ins_partner_types(partner_id,type_id,active,kf) values(25,12,1,'300465');
insert into ins_partner_types(partner_id,type_id,active,kf) values(25,13,1,'300465');
insert into ins_partner_types(partner_id,type_id,active,kf) values(25,14,1,'300465');
insert into ins_partner_types(partner_id,type_id,active,kf) values(25,15,1,'300465');
insert into ins_partner_types(partner_id,type_id,active,kf) values(25,16,1,'300465');
insert into ins_partner_types(partner_id,type_id,active,kf) values(25,17,1,'300465');
insert into ins_partner_types(partner_id,type_id,active,kf) values(25,18,1,'300465');
insert into ins_partner_types(partner_id,type_id,active,kf) values(25,19,1,'300465');
insert into ins_partner_types(partner_id,type_id,active,kf) values(25,20,1,'300465');
insert into ins_partner_types(partner_id,type_id,active,kf) values(25,21,1,'300465');
insert into ins_partner_types(partner_id,type_id,active,kf) values(0,5,1,'300465');
insert into ins_partner_types(partner_id,type_id,active,kf) values(0,6,1,'300465');
insert into ins_partner_types(partner_id,type_id,active,kf) values(0,7,1,'300465');
insert into ins_partner_types(partner_id,type_id,active,kf) values(0,8,1,'300465');
insert into ins_partner_types(partner_id,type_id,active,kf) values(0,9,1,'300465');
insert into ins_partner_types(partner_id,type_id,active,kf) values(0,10,1,'300465');
insert into ins_partner_types(partner_id,type_id,active,kf) values(0,11,1,'300465');
insert into ins_partner_types(partner_id,type_id,active,kf) values(0,12,1,'300465');
insert into ins_partner_types(partner_id,type_id,active,kf) values(0,13,1,'300465');
insert into ins_partner_types(partner_id,type_id,active,kf) values(0,14,1,'300465');
insert into ins_partner_types(partner_id,type_id,active,kf) values(0,15,1,'300465');
insert into ins_partner_types(partner_id,type_id,active,kf) values(0,16,1,'300465');
insert into ins_partner_types(partner_id,type_id,active,kf) values(0,17,1,'300465');
insert into ins_partner_types(partner_id,type_id,active,kf) values(0,18,1,'300465');
insert into ins_partner_types(partner_id,type_id,active,kf) values(0,19,1,'300465');
insert into ins_partner_types(partner_id,type_id,active,kf) values(0,20,1,'300465');
insert into ins_partner_types(partner_id,type_id,active,kf) values(0,21,1,'300465');
insert into ins_partner_types(partner_id,type_id,active,kf) values(22,0,1,'300465');
insert into ins_partner_types(partner_id,type_id,active,kf) values(22,1,1,'300465');
insert into ins_partner_types(partner_id,type_id,active,kf) values(22,2,1,'300465');
insert into ins_partner_types(partner_id,type_id,active,kf) values(22,3,1,'300465');
insert into ins_partner_types(partner_id,type_id,active,kf) values(22,4,1,'300465');
insert into ins_partner_types(partner_id,type_id,active,kf) values(22,5,1,'300465');
insert into ins_partner_types(partner_id,type_id,active,kf) values(22,6,1,'300465');
insert into ins_partner_types(partner_id,type_id,active,kf) values(22,7,1,'300465');
insert into ins_partner_types(partner_id,type_id,active,kf) values(22,8,1,'300465');
insert into ins_partner_types(partner_id,type_id,active,kf) values(22,9,1,'300465');
insert into ins_partner_types(partner_id,type_id,active,kf) values(22,10,1,'300465');
insert into ins_partner_types(partner_id,type_id,active,kf) values(22,11,1,'300465');
insert into ins_partner_types(partner_id,type_id,active,kf) values(22,12,1,'300465');
insert into ins_partner_types(partner_id,type_id,active,kf) values(22,13,1,'300465');
insert into ins_partner_types(partner_id,type_id,active,kf) values(22,14,1,'300465');
insert into ins_partner_types(partner_id,type_id,active,kf) values(22,15,1,'300465');
insert into ins_partner_types(partner_id,type_id,active,kf) values(22,16,1,'300465');
insert into ins_partner_types(partner_id,type_id,active,kf) values(22,17,1,'300465');
insert into ins_partner_types(partner_id,type_id,active,kf) values(22,18,1,'300465');
insert into ins_partner_types(partner_id,type_id,active,kf) values(22,19,1,'300465');
insert into ins_partner_types(partner_id,type_id,active,kf) values(22,20,1,'300465');
insert into ins_partner_types(partner_id,type_id,active,kf) values(22,21,1,'300465');
insert into ins_partner_types(partner_id,type_id,active,kf) values(23,0,1,'300465');
insert into ins_partner_types(partner_id,type_id,active,kf) values(23,1,1,'300465');
insert into ins_partner_types(partner_id,type_id,active,kf) values(23,2,1,'300465');
insert into ins_partner_types(partner_id,type_id,active,kf) values(23,3,1,'300465');
insert into ins_partner_types(partner_id,type_id,active,kf) values(23,4,1,'300465');
insert into ins_partner_types(partner_id,type_id,active,kf) values(23,5,1,'300465');
insert into ins_partner_types(partner_id,type_id,active,kf) values(23,6,1,'300465');
insert into ins_partner_types(partner_id,type_id,active,kf) values(23,7,1,'300465');
insert into ins_partner_types(partner_id,type_id,active,kf) values(23,8,1,'300465');
insert into ins_partner_types(partner_id,type_id,active,kf) values(23,9,1,'300465');
insert into ins_partner_types(partner_id,type_id,active,kf) values(23,10,1,'300465');
insert into ins_partner_types(partner_id,type_id,active,kf) values(23,11,1,'300465');
insert into ins_partner_types(partner_id,type_id,active,kf) values(23,12,1,'300465');
insert into ins_partner_types(partner_id,type_id,active,kf) values(23,13,1,'300465');
insert into ins_partner_types(partner_id,type_id,active,kf) values(23,14,1,'300465');
insert into ins_partner_types(partner_id,type_id,active,kf) values(23,15,1,'300465');
insert into ins_partner_types(partner_id,type_id,active,kf) values(23,16,1,'300465');
insert into ins_partner_types(partner_id,type_id,active,kf) values(23,17,1,'300465');
insert into ins_partner_types(partner_id,type_id,active,kf) values(23,18,1,'300465');
insert into ins_partner_types(partner_id,type_id,active,kf) values(23,19,1,'300465');
insert into ins_partner_types(partner_id,type_id,active,kf) values(23,20,1,'300465');
insert into ins_partner_types(partner_id,type_id,active,kf) values(23,21,1,'300465');
insert into ins_partner_types(partner_id,type_id,active,kf) values(26,25,1,'300465');
commit;
/
delete ins_partner_type_attrs where kf='300465';
/
insert into ins_partner_type_attrs(id,attr_id,type_id,is_required,kf) values(1,'EXT_SYSTEM',14,0,'300465');
insert into ins_partner_type_attrs(id,attr_id,type_id,is_required,kf) values(2,'EXT_SYSTEM',12,0,'300465');
insert into ins_partner_type_attrs(id,attr_id,type_id,is_required,kf) values(3,'EXT_SYSTEM',8,0,'300465');
insert into ins_partner_type_attrs(id,attr_id,type_id,is_required,kf) values(4,'EXT_SYSTEM',2,0,'300465');
insert into ins_partner_type_attrs(id,attr_id,type_id,is_required,kf) values(5,'EXT_SYSTEM',25,0,'300465');
commit;
/